City,Date,PM2.5,PM10,NO,NO2,NOx,NH3,CO,SO2,O3,Benzene,Toluene,Xylene,AQI,AQI_Bucket
Amaravati,2020-03-26,23.67,44.23,1.58,4.99,3.94,7.93,0.66,18.8,29.32,0.15,0.66,0.16,108.0,Moderate
Delhi,2017-12-06,120.91,210.21,23.19,51.02,68.08,45.92,1.65,20.88,43.68,2.94,8.36,0.12,330.0,Very Poor
Hyderabad,2016-04-29,40.1,85.11,8.83,32.79,28.28,33.59,0.48,6.71,31.34,0.44,3.01,0.37,99.0,Satisfactory
Amaravati,2019-07-09,11.3,31.96,4.61,23.47,16.32,1.62,0.28,17.09,27.47,0.11,0.82,0.15,37.0,Good
Hyderabad,2020-04-22,25.12,46.3,7.57,26.18,18.57,17.45,0.39,4.56,23.58,0.94,5.18,0.22,50.0,Good
Patna,2020-04-02,55.83,107.36,50.2,43.73,62.84,13.87,1.79,12.62,23.58,2.12,5.42,2.99,140.0,Moderate
Delhi,2018-03-13,109.22,245.66,41.54,56.5,73.67,42.23,1.54,17.22,43.79,1.87,4.78,0.0,241.0,Poor
Gurugram,2020-03-24,61.21,113.66,8.08,17.61,17.3,54.29,0.97,16.44,43.6,5.08,7.77,17.87,122.0,Moderate
Kolkata,2019-09-20,20.57,44.33,14.74,23.75,38.48,11.8,0.55,5.1,20.25,19.7,18.25,2.64,54.0,Satisfactory
Hyderabad,2016-01-12,129.67,103.49,18.62,22.42,39.3,10.33,1.39,7.62,49.16,1.79,10.55,2.19,219.0,Poor
Hyderabad,2018-12-26,67.91,119.15,5.14,36.25,23.04,12.18,0.69,6.85,39.08,1.84,11.39,1.27,136.0,Moderate
Visakhapatnam,2019-02-04,71.09,144.15,6.02,46.25,29.51,14.77,0.85,5.64,77.64,2.83,4.04,1.24,147.0,Moderate
Amritsar,2019-10-25,90.71,135.6,12.5,13.12,23.71,31.44,0.87,15.28,19.52,3.07,3.83,1.96,198.0,Moderate
Hyderabad,2017-03-24,54.59,135.47,10.5,42.79,11.92,19.77,0.17,11.49,64.9,0.11,1.25,0.32,148.0,Moderate
Amaravati,2019-01-01,83.17,140.9,6.56,83.38,49.69,15.16,1.09,30.85,24.84,0.1,0.21,0.11,183.0,Moderate
Amritsar,2020-03-26,22.63,72.7,17.79,11.82,27.96,11.84,0.73,7.16,32.26,1.41,1.72,2.0,66.0,Satisfactory
Amritsar,2017-12-30,133.75,254.85,6.72,28.81,35.53,3.51,2.0,3.58,19.5,8.93,11.08,9.95,283.0,Poor
Amaravati,2019-01-30,47.81,99.22,5.98,65.34,39.69,17.61,1.02,26.84,36.53,0.03,0.08,0.15,111.0,Moderate
Hyderabad,2020-02-12,56.38,105.86,11.99,36.64,27.32,16.47,0.6,5.87,27.5,0.72,4.37,0.12,94.0,Satisfactory
Amaravati,2020-06-10,10.18,25.24,8.5,15.4,15.51,9.51,0.59,13.75,40.65,0.09,1.21,0.17,58.0,Satisfactory
Gurugram,2020-06-04,58.03,143.56,5.26,17.88,13.04,9.73,0.87,5.78,52.81,5.4,3.36,2.05,130.0,Moderate
Kolkata,2019-09-27,19.27,33.53,10.16,22.59,32.53,12.21,0.53,4.82,18.09,24.31,22.17,2.16,48.0,Good
Visakhapatnam,2016-08-03,18.76,43.55,23.96,29.85,32.4,9.98,1.04,29.69,13.1,6.12,9.84,7.44,73.0,Satisfactory
Delhi,2015-11-05,161.78,234.94,44.61,63.78,97.34,45.99,1.76,21.21,75.71,4.34,18.32,1.63,388.0,Very Poor
Delhi,2020-01-20,142.18,225.67,30.68,38.21,49.07,39.27,1.39,9.65,24.64,3.9,19.39,0.22,282.0,Poor
Visakhapatnam,2020-05-10,16.51,58.2,0.85,24.04,13.44,9.09,0.11,6.41,24.02,3.84,9.44,3.0,46.0,Good
Delhi,2015-02-25,148.19,169.57,14.79,29.28,34.14,34.91,14.13,5.94,31.57,2.06,6.92,1.75,340.0,Very Poor
Chandigarh,2020-06-23,19.17,44.48,1.03,7.69,4.8,26.43,0.29,8.71,36.97,3.46,0.27,0.83,53.0,Satisfactory
Visakhapatnam,2020-01-06,48.21,87.02,2.89,21.46,13.76,12.39,0.96,9.91,64.14,3.4,5.32,0.75,72.0,Satisfactory
Visakhapatnam,2019-07-03,33.41,141.22,10.19,43.53,31.44,7.41,1.02,14.2,10.3,7.05,12.82,4.3,107.0,Moderate
Visakhapatnam,2019-03-16,28.18,95.94,5.96,25.99,18.67,8.88,0.59,8.67,18.53,0.94,1.5,0.16,107.0,Moderate
Delhi,2020-02-03,138.5,243.43,50.47,53.71,73.96,37.5,1.51,11.4,33.94,4.43,27.09,0.51,297.0,Poor
Amaravati,2020-02-27,38.85,67.95,2.65,13.49,9.33,14.82,0.86,22.27,43.97,0.28,1.8,0.16,73.0,Satisfactory
Chandigarh,2020-05-17,22.99,55.25,2.75,14.01,9.53,33.61,0.62,14.73,33.99,3.15,0.24,1.05,64.0,Satisfactory
Hyderabad,2017-12-14,66.12,120.92,2.4,39.48,22.84,18.6,0.92,7.88,48.56,3.19,12.58,3.88,132.0,Moderate
Hyderabad,2015-10-30,516.2,82.97,3.03,0.62,2.72,10.78,1.09,4.77,38.74,1.05,5.82,0.47,487.0,Severe
Visakhapatnam,2017-12-08,60.98,112.99,3.86,44.64,26.84,12.06,1.04,11.66,77.73,3.09,4.78,1.27,155.0,Moderate
Hyderabad,2020-04-11,23.99,43.01,10.56,27.24,21.24,13.54,0.38,6.21,23.3,1.17,7.4,0.35,55.0,Satisfactory
Visakhapatnam,2017-11-21,38.17,61.47,4.55,8.68,8.28,2.41,0.79,4.93,42.78,2.83,5.74,0.83,62.0,Satisfactory
Delhi,2018-06-04,64.42,179.31,14.32,30.68,38.57,49.08,0.81,8.14,57.03,2.13,3.41,0.0,170.0,Moderate
Kolkata,2019-11-16,86.92,170.48,67.18,59.83,122.19,26.43,1.33,10.57,36.57,15.17,40.21,4.52,187.0,Moderate
Visakhapatnam,2019-10-26,18.29,60.5,25.55,37.56,40.96,4.16,0.8,23.34,31.21,3.26,8.72,2.5,93.0,Satisfactory
Visakhapatnam,2017-01-24,55.47,103.58,23.55,56.26,44.97,14.51,1.31,6.47,55.26,11.25,15.29,10.55,108.0,Moderate
Chandigarh,2019-12-12,108.0,141.0,34.59,23.28,40.18,47.58,1.01,8.2,8.47,3.49,0.63,1.15,307.0,Very Poor
Chandigarh,2020-06-08,21.12,44.53,3.72,14.96,10.35,42.23,0.3,12.61,33.96,4.83,0.41,0.87,61.0,Satisfactory
Amaravati,2018-02-13,58.71,99.04,0.41,13.88,7.62,11.99,0.86,6.89,36.2,0.12,1.84,0.1,110.0,Moderate
Hyderabad,2018-12-20,44.72,93.15,10.97,43.69,30.84,9.49,0.67,11.57,22.1,2.87,33.51,9.98,76.0,Satisfactory
Delhi,2019-08-27,40.68,107.99,21.99,34.48,39.32,31.99,1.17,10.01,36.98,2.84,29.66,0.84,114.0,Moderate
Patna,2020-01-13,149.01,130.51,64.44,33.01,91.2,19.65,3.65,11.17,11.03,3.05,1.11,4.42,223.0,Poor
Delhi,2020-05-02,34.67,107.36,12.81,14.36,19.49,33.93,0.76,13.0,60.45,1.19,6.42,0.01,127.0,Moderate
Hyderabad,2017-07-04,15.53,48.65,7.46,13.28,6.56,3.57,0.15,13.54,29.3,0.07,0.45,0.18,57.0,Satisfactory
Hyderabad,2016-02-10,62.0,99.08,5.91,12.15,16.68,10.28,0.92,4.73,46.72,0.45,6.47,0.16,137.0,Moderate
Delhi,2017-12-20,283.24,410.74,44.05,66.41,5.96,78.25,1.91,25.0,67.35,4.65,14.07,0.05,378.0,Very Poor
Hyderabad,2018-09-08,21.61,55.67,4.94,18.35,13.78,16.15,0.33,9.3,19.94,0.5,4.43,0.39,62.0,Satisfactory
Hyderabad,2017-02-05,56.73,117.29,9.79,45.95,10.79,18.65,0.0,11.04,98.75,0.02,0.32,0.04,164.0,Moderate
Delhi,2019-02-07,65.65,107.83,12.05,30.8,27.94,37.84,0.84,11.12,30.25,2.15,16.32,2.96,233.0,Poor
Amaravati,2019-12-19,83.16,120.25,2.51,17.41,11.31,23.06,0.76,17.03,49.59,1.33,14.69,0.13,138.0,Moderate
Amaravati,2018-06-03,27.42,57.28,3.36,19.38,13.04,7.89,0.32,6.83,77.6,16.54,8.98,89.7,129.0,Moderate
Hyderabad,2016-03-26,61.09,106.24,5.46,11.4,15.49,10.35,0.91,4.08,49.85,0.93,4.36,1.21,134.0,Moderate
Kolkata,2020-01-30,56.91,118.12,23.53,36.89,60.37,24.69,0.81,8.57,31.85,23.23,29.03,2.09,102.0,Moderate
Chandigarh,2020-05-02,19.81,64.91,0.87,9.84,5.83,26.22,0.45,12.38,19.61,2.77,0.4,0.8,64.0,Satisfactory
Hyderabad,2017-11-25,70.91,133.01,5.34,37.5,24.28,16.11,0.71,13.35,68.38,2.3,17.66,1.8,140.0,Moderate
Hyderabad,2020-01-29,58.15,132.5,12.15,38.77,28.53,27.52,0.56,12.66,27.33,0.34,3.83,0.28,128.0,Moderate
Amaravati,2019-05-10,44.65,114.79,1.63,19.79,12.0,7.06,0.63,19.26,54.72,0.34,2.48,0.12,124.0,Moderate
Delhi,2019-01-30,206.14,334.21,61.02,63.7,89.54,42.99,1.76,24.75,35.84,5.45,42.52,0.71,342.0,Very Poor
Delhi,2020-06-16,39.87,107.99,7.35,24.58,19.98,32.62,0.88,12.08,51.4,1.99,19.29,0.51,126.0,Moderate
Delhi,2018-05-03,47.25,153.75,15.63,31.77,40.96,38.01,1.23,9.52,50.16,0.94,2.3,0.0,167.0,Moderate
Delhi,2015-03-03,83.49,112.1,16.23,23.75,30.88,16.04,11.72,5.07,20.83,2.13,8.11,2.41,266.0,Poor
Hyderabad,2018-06-24,16.99,37.87,3.05,20.56,13.25,13.2,0.23,6.42,19.13,0.26,2.86,0.26,41.0,Good
Hyderabad,2016-10-09,12.88,45.38,11.5,45.99,3.87,11.22,0.05,1.55,30.7,0.0,0.06,0.06,65.0,Satisfactory
Visakhapatnam,2016-09-26,36.71,64.6,26.67,36.36,39.43,8.64,1.3,19.0,25.59,6.74,13.52,10.04,89.0,Satisfactory
Hyderabad,2015-12-15,30.54,98.14,5.82,14.83,19.18,10.53,0.89,8.37,32.98,1.22,6.36,0.76,100.0,Satisfactory
Delhi,2015-10-20,198.1,336.47,91.29,74.62,155.1,36.75,2.17,16.73,101.74,9.5,38.8,1.96,428.0,Severe
Hyderabad,2018-08-20,13.19,31.47,5.97,21.95,15.99,17.78,0.27,5.98,14.53,0.5,2.58,0.16,47.0,Good
Hyderabad,2020-06-02,16.47,31.29,7.23,23.75,16.75,14.73,0.33,4.36,29.86,1.01,6.05,1.83,79.0,Satisfactory
Hyderabad,2019-10-01,39.12,62.5,14.7,21.75,20.19,8.78,0.67,3.03,17.28,0.76,5.99,1.36,87.0,Satisfactory
Visakhapatnam,2020-04-12,15.05,44.33,13.28,29.41,26.45,7.42,0.11,6.82,16.02,2.74,14.62,1.04,43.0,Good
Kolkata,2020-01-03,54.29,100.05,19.14,36.5,55.61,30.4,0.84,12.35,14.97,26.75,32.95,2.27,201.0,Poor
Delhi,2017-10-28,198.37,329.05,35.39,84.45,60.5,51.2,0.9,27.88,110.71,1.65,7.47,0.07,379.0,Very Poor
Amritsar,2019-10-07,34.53,75.78,10.57,11.41,20.97,30.69,0.23,3.05,36.75,3.45,1.15,2.0,94.0,Satisfactory
Amaravati,2019-05-18,35.3,89.42,0.8,17.33,9.84,4.32,0.47,17.09,44.47,0.06,1.16,0.11,95.0,Satisfactory
Visakhapatnam,2020-06-03,17.94,102.58,5.6,30.32,20.59,9.49,0.58,6.48,23.82,2.65,7.59,1.23,88.0,Satisfactory
Hyderabad,2017-03-18,67.57,186.0,20.68,52.24,17.22,33.02,0.2,21.64,34.77,0.33,4.68,3.14,146.0,Moderate
Delhi,2020-01-04,220.6,327.22,86.58,57.67,110.2,53.46,2.2,12.85,29.94,6.81,48.18,5.45,366.0,Very Poor
Delhi,2019-04-24,85.7,262.58,12.55,51.58,39.67,37.64,1.41,19.17,61.45,3.75,25.22,1.91,232.0,Poor
Hyderabad,2016-11-13,60.96,98.46,8.93,48.17,14.97,30.06,0.64,28.22,91.75,0.05,0.86,0.5,163.0,Moderate
Amaravati,2020-01-26,38.39,63.99,2.48,15.39,10.2,16.55,0.61,20.0,36.83,0.46,1.14,0.15,77.0,Satisfactory
Delhi,2019-04-13,55.93,175.93,15.35,37.89,35.19,33.66,1.06,20.82,45.3,2.42,25.55,0.47,175.0,Moderate
Visakhapatnam,2018-07-29,40.33,127.5,9.14,34.26,25.65,8.97,0.45,7.3,17.03,4.11,11.28,2.21,114.0,Moderate
Delhi,2019-12-10,236.4,363.3,85.62,72.63,115.07,59.1,2.41,12.49,38.14,6.87,50.04,3.14,377.0,Very Poor
Delhi,2015-03-26,109.78,217.9,24.1,33.02,44.26,28.0,12.67,9.3,40.0,6.64,10.31,2.53,358.0,Very Poor
Chandigarh,2019-10-21,53.79,117.94,11.51,5.22,11.97,6.14,0.54,10.41,19.03,4.71,0.3,3.57,111.0,Moderate
Hyderabad,2019-03-04,40.97,95.61,3.81,34.92,21.47,12.87,0.6,8.92,33.65,1.62,13.82,2.04,80.0,Satisfactory
Delhi,2018-03-17,81.57,170.16,21.81,32.61,44.69,33.72,1.09,13.63,37.89,1.73,2.68,0.0,218.0,Poor
Hyderabad,2016-03-29,58.28,101.14,5.44,11.1,15.26,10.12,1.12,3.25,50.93,0.86,3.61,0.84,123.0,Moderate
Visakhapatnam,2019-02-01,53.84,106.93,11.78,51.62,37.03,10.88,0.84,7.87,83.16,2.56,5.05,1.38,116.0,Moderate
Hyderabad,2019-08-11,17.37,49.51,3.48,16.94,11.86,11.66,0.37,11.43,18.34,0.1,0.7,0.06,50.0,Good
Delhi,2018-12-22,326.79,502.83,85.55,78.71,117.64,60.21,2.59,18.47,44.98,8.63,55.27,2.37,468.0,Severe
Delhi,2015-11-06,153.33,260.04,35.14,58.13,86.38,46.52,2.56,20.9,69.95,4.37,13.52,1.34,276.0,Poor
Delhi,2015-11-04,293.49,401.49,105.88,87.47,137.62,56.81,2.54,31.58,114.43,7.99,28.6,1.75,454.0,Severe
Chandigarh,2020-05-13,34.57,80.7,2.32,16.16,10.29,35.92,0.71,13.26,21.28,2.62,1.18,0.51,66.0,Satisfactory
Delhi,2018-11-22,139.02,292.92,91.36,74.93,120.74,42.27,2.09,16.89,37.22,6.05,56.92,0.92,317.0,Very Poor
Amaravati,2018-10-09,65.16,184.84,22.45,52.69,46.28,18.53,1.07,25.5,37.46,0.08,0.14,0.1,142.0,Moderate
Visakhapatnam,2018-08-04,53.49,166.88,17.65,46.16,38.91,10.33,0.67,6.51,18.95,6.15,23.18,4.99,142.0,Moderate
Visakhapatnam,2019-11-10,38.34,88.54,14.13,41.66,33.73,6.36,0.88,11.09,42.15,4.12,9.27,2.42,111.0,Moderate
Amaravati,2019-12-14,39.06,63.53,2.22,13.1,8.77,14.38,0.55,13.87,41.66,0.44,12.72,0.1,64.0,Satisfactory
Delhi,2019-12-14,78.59,128.36,26.2,41.29,43.17,38.62,1.18,9.04,22.94,3.38,25.36,0.5,179.0,Moderate
Amritsar,2020-01-30,27.36,57.69,10.0,10.35,19.39,11.8,0.55,6.8,31.21,1.69,1.81,1.96,60.0,Satisfactory
Hyderabad,2017-10-12,41.74,69.1,13.72,26.83,5.04,9.37,0.11,4.2,54.35,1.22,6.71,0.92,102.0,Moderate
Hyderabad,2018-02-14,50.52,100.95,4.19,44.77,22.99,35.31,0.76,8.3,46.28,1.98,9.6,2.19,100.0,Satisfactory
Amritsar,2019-05-19,49.54,105.25,14.5,9.31,23.29,7.51,0.9,22.3,26.86,4.09,2.13,9.87,100.0,Satisfactory
Amritsar,2018-02-13,16.26,52.61,12.77,28.35,40.12,12.94,0.44,2.75,12.28,8.89,6.54,4.98,66.0,Satisfactory
Delhi,2015-10-24,169.22,341.7,90.18,71.38,122.15,34.26,3.07,18.2,47.92,10.19,29.74,1.94,383.0,Very Poor
Hyderabad,2016-09-12,30.49,69.68,11.8,59.25,20.74,16.75,0.28,12.54,15.39,0.08,1.34,5.74,65.0,Satisfactory
Visakhapatnam,2017-04-08,45.08,98.0,17.0,18.38,23.54,9.31,1.71,15.15,16.39,4.09,9.1,2.54,149.0,Moderate
Chandigarh,2020-02-12,54.47,114.12,3.68,15.96,11.31,32.97,0.65,8.35,19.25,5.87,0.17,0.76,110.0,Moderate
Visakhapatnam,2019-03-25,36.77,89.98,15.7,35.59,31.69,7.68,0.83,4.85,15.33,2.95,7.09,0.88,99.0,Satisfactory
Delhi,2015-01-03,87.18,131.9,25.73,30.31,47.95,69.55,10.61,2.65,19.71,3.91,10.23,1.99,143.0,Moderate
Hyderabad,2018-04-04,44.94,91.88,4.18,39.39,24.13,15.22,0.72,5.82,50.85,1.04,3.64,1.55,101.0,Moderate
Hyderabad,2017-03-07,35.62,80.09,7.05,17.76,6.07,14.61,0.14,12.29,55.68,0.05,0.74,0.18,109.0,Moderate
Hyderabad,2017-10-07,22.6,46.38,18.91,24.12,12.33,12.27,0.57,7.36,43.87,2.21,10.84,2.64,94.0,Satisfactory
Hyderabad,2017-11-07,34.96,81.64,15.51,43.63,29.83,13.12,0.68,11.95,43.46,6.09,31.07,8.32,94.0,Satisfactory
Hyderabad,2015-11-01,31.56,94.33,2.95,0.71,1.98,12.02,1.02,6.96,37.57,1.32,7.15,1.35,188.0,Moderate
Hyderabad,2018-08-15,22.11,68.81,4.1,17.62,12.18,23.04,0.35,10.13,11.99,0.65,3.64,0.54,65.0,Satisfactory
Gurugram,2020-03-09,62.38,112.32,6.75,23.13,22.26,34.01,0.77,15.82,42.54,3.09,3.41,12.4,117.0,Moderate
Hyderabad,2019-06-06,35.67,104.77,1.72,23.98,14.13,13.39,0.43,4.84,52.02,0.9,5.41,0.38,103.0,Moderate
Delhi,2020-02-16,132.63,237.81,42.02,57.15,70.95,38.77,1.38,19.61,40.01,3.77,23.71,0.82,254.0,Poor
Visakhapatnam,2019-10-22,15.67,26.01,21.98,38.11,38.29,1.8,0.78,21.7,21.41,3.18,8.46,2.07,62.0,Satisfactory
Amritsar,2018-03-04,19.79,57.47,16.75,9.64,36.17,9.78,0.74,4.36,18.93,10.36,6.66,5.17,64.0,Satisfactory
Hyderabad,2016-02-25,53.47,101.93,5.49,10.41,14.59,10.48,0.9,5.88,43.55,0.82,4.75,0.79,113.0,Moderate
Kolkata,2019-08-09,21.7,45.74,7.96,20.52,26.26,9.3,0.48,8.29,17.08,13.57,7.97,2.71,43.0,Good
Kolkata,2020-04-19,13.35,31.37,3.83,8.77,12.64,13.4,0.32,8.07,51.59,1.06,5.73,0.28,67.0,Satisfactory
Amritsar,2019-08-22,34.69,70.15,12.91,8.91,21.82,10.92,0.22,6.12,22.01,2.63,1.13,2.0,77.0,Satisfactory
Delhi,2019-12-30,333.43,486.35,54.97,55.61,79.04,50.75,2.24,11.15,26.44,8.0,47.12,0.72,506.0,Severe
Delhi,2019-07-17,32.06,67.73,11.08,28.44,26.68,25.91,1.03,8.91,31.48,2.24,22.46,0.11,92.0,Satisfactory
Visakhapatnam,2019-05-27,31.75,127.6,7.55,34.42,24.46,3.11,0.79,6.71,32.66,2.08,2.7,0.63,120.0,Moderate
Hyderabad,2019-08-27,18.86,65.41,3.16,15.9,9.84,11.57,0.38,7.78,22.29,0.17,1.43,0.07,65.0,Satisfactory
Visakhapatnam,2019-05-28,39.54,117.65,12.21,51.29,37.33,1.9,1.06,18.0,29.81,3.99,6.75,1.6,106.0,Moderate
Kolkata,2019-06-30,47.54,82.48,12.15,25.12,36.89,8.65,0.74,3.3,18.37,16.23,11.82,4.32,98.0,Satisfactory
Amaravati,2018-07-28,17.74,80.26,10.41,20.1,19.29,18.23,0.49,10.98,27.33,0.2,0.19,0.1,57.0,Satisfactory
Hyderabad,2017-02-06,64.14,136.36,17.54,52.4,8.17,17.5,0.0,18.17,61.34,0.0,0.03,0.0,118.0,Moderate
Visakhapatnam,2019-12-09,12.79,48.71,6.63,30.6,21.67,6.12,0.91,9.02,42.0,3.15,7.48,1.61,63.0,Satisfactory
Amritsar,2019-12-08,67.0,114.79,11.94,12.9,21.4,5.63,0.74,12.39,20.02,3.23,3.99,1.98,123.0,Moderate
Hyderabad,2019-02-09,55.67,157.47,7.5,43.21,28.81,15.07,0.59,13.22,35.28,3.19,31.91,19.0,128.0,Moderate
Delhi,2017-09-26,66.12,114.15,23.12,27.52,18.35,34.54,0.6,7.13,30.45,0.25,1.38,0.13,131.0,Moderate
Delhi,2015-03-13,108.66,173.89,15.61,30.75,37.02,23.31,10.23,10.65,34.05,3.41,14.88,9.81,307.0,Very Poor
Visakhapatnam,2019-03-30,37.15,104.69,15.62,36.12,31.91,7.17,0.86,12.35,8.66,2.55,5.63,0.76,103.0,Moderate
Hyderabad,2017-08-24,23.63,60.91,6.7,17.43,7.09,5.14,0.21,4.59,31.39,0.55,2.48,1.74,72.0,Satisfactory
Visakhapatnam,2017-01-03,62.3,101.33,32.35,42.11,46.79,13.2,1.32,6.48,50.55,7.39,9.91,8.19,98.0,Satisfactory
Visakhapatnam,2016-08-07,25.74,86.21,13.79,31.69,25.72,7.13,0.96,34.28,25.35,4.49,7.81,3.91,89.0,Satisfactory
Hyderabad,2019-09-25,22.37,34.73,3.79,21.84,12.51,9.31,0.45,2.49,17.82,0.43,3.0,0.33,49.0,Good
Visakhapatnam,2020-03-06,15.11,40.46,2.04,15.5,9.84,13.59,0.67,7.89,12.65,1.56,4.36,0.85,51.0,Satisfactory
Visakhapatnam,2019-07-20,34.17,71.59,5.19,24.07,17.02,9.8,0.57,11.45,20.48,4.46,7.92,1.44,89.0,Satisfactory
Visakhapatnam,2019-05-17,35.01,127.26,10.53,40.82,30.27,4.86,0.97,7.74,16.0,2.45,5.64,1.13,125.0,Moderate
Kolkata,2020-06-27,7.89,24.73,5.24,9.25,14.52,8.39,0.35,5.73,23.14,1.68,11.31,0.24,37.0,Good
Visakhapatnam,2018-05-24,13.64,50.59,10.64,22.38,20.56,10.12,0.35,8.21,9.98,3.87,9.89,2.22,47.0,Good
Hyderabad,2016-01-06,109.82,105.67,15.06,19.71,33.18,10.53,1.33,8.84,35.03,1.56,8.24,1.48,205.0,Poor
Hyderabad,2018-10-16,53.26,90.41,6.11,32.39,20.97,13.5,0.46,4.76,26.04,2.71,25.89,2.12,105.0,Moderate
Visakhapatnam,2018-04-30,14.44,60.54,9.24,21.94,19.32,10.65,0.4,12.1,13.62,3.43,7.07,2.33,67.0,Satisfactory
Hyderabad,2016-09-03,10.4,30.27,13.23,57.09,17.23,15.31,0.45,10.59,14.46,0.06,0.49,1.06,78.0,Satisfactory
Visakhapatnam,2016-11-13,78.65,120.82,3.86,28.57,16.77,15.63,1.2,8.27,80.0,5.07,8.23,3.74,129.0,Moderate
Amaravati,2018-12-24,93.78,142.65,5.55,67.51,40.43,19.51,1.34,42.75,29.16,0.1,0.21,0.1,199.0,Moderate
Amritsar,2020-03-11,40.15,107.64,18.14,13.18,28.04,11.88,0.62,8.1,30.16,1.65,1.99,1.96,107.0,Moderate
Hyderabad,2018-04-14,23.05,58.22,3.65,30.02,18.73,14.1,0.69,4.9,40.13,0.6,2.59,0.51,79.0,Satisfactory
Amaravati,2019-07-01,13.4,23.95,4.39,29.37,19.27,2.9,0.42,16.27,29.58,0.11,0.91,0.24,39.0,Good
Hyderabad,2017-06-12,5.56,11.67,8.02,8.47,5.4,11.35,0.07,3.57,27.08,0.0,0.84,0.13,50.0,Good
Amritsar,2020-03-23,30.12,85.69,17.86,10.34,27.64,11.93,0.84,9.34,31.26,1.43,1.88,2.0,78.0,Satisfactory
Delhi,2018-06-02,52.6,154.66,12.65,29.28,35.13,41.24,0.98,9.08,60.12,1.51,3.67,0.0,183.0,Moderate
Delhi,2015-04-06,119.7,195.47,34.3,32.83,59.96,44.66,11.01,16.63,30.32,5.7,14.32,2.64,343.0,Very Poor
Amaravati,2018-01-01,59.03,108.83,3.45,23.36,15.23,18.03,0.09,26.05,87.55,0.23,3.2,0.09,120.0,Moderate
Amaravati,2018-02-12,59.47,99.73,0.54,12.85,7.18,11.94,0.68,7.62,30.57,0.04,1.88,0.11,118.0,Moderate
Amaravati,2018-08-10,11.39,28.72,4.4,11.2,9.63,24.46,0.39,9.47,21.17,0.12,0.07,0.1,48.0,Good
Visakhapatnam,2016-08-02,16.53,44.53,18.54,29.24,28.07,11.49,0.94,46.26,16.92,4.85,11.16,4.6,67.0,Satisfactory
Delhi,2020-06-29,44.86,184.12,10.5,21.57,21.94,27.97,0.88,11.58,26.61,2.13,23.8,1.13,233.0,Poor
Hyderabad,2018-03-09,57.28,120.43,4.89,52.67,31.79,21.26,0.96,6.03,45.57,1.61,5.98,1.94,118.0,Moderate
Amaravati,2018-12-21,48.88,84.99,6.61,63.12,38.95,19.24,0.94,29.45,23.97,0.06,0.16,0.11,81.0,Satisfactory
Visakhapatnam,2018-01-15,113.89,203.02,20.08,47.37,41.32,19.15,1.37,11.01,60.7,4.12,5.69,1.9,320.0,Very Poor
Visakhapatnam,2019-06-18,40.58,120.64,8.07,45.39,30.84,5.24,0.84,18.11,25.52,5.4,11.08,2.74,100.0,Satisfactory
Visakhapatnam,2019-06-29,25.84,91.36,12.85,42.21,32.9,7.97,0.8,14.17,9.36,5.24,14.78,4.15,105.0,Moderate
Amritsar,2020-02-14,33.14,100.08,16.9,10.48,27.0,11.82,0.66,8.33,39.73,1.58,1.68,2.0,107.0,Moderate
Visakhapatnam,2018-07-14,36.57,84.99,16.34,37.66,33.32,9.84,0.54,2.72,7.93,5.02,13.48,4.64,91.0,Satisfactory
Hyderabad,2016-03-12,63.41,109.62,6.11,13.84,18.54,10.33,0.96,6.19,38.78,1.19,5.73,1.42,135.0,Moderate
Hyderabad,2020-01-11,74.55,141.86,10.9,41.69,29.49,16.45,0.62,13.04,29.76,0.73,4.92,0.08,149.0,Moderate
Hyderabad,2018-11-11,61.15,129.81,4.84,44.85,27.54,9.52,0.58,18.58,44.0,3.89,39.61,6.93,131.0,Moderate
Patna,2020-05-04,27.38,59.94,130.91,33.4,76.8,7.49,0.34,14.98,53.72,0.69,1.32,0.09,148.0,Moderate
Hyderabad,2018-08-31,22.43,75.11,6.2,27.25,18.9,10.92,0.3,7.13,15.88,1.46,18.24,19.1,77.0,Satisfactory
Amaravati,2018-10-30,58.65,125.68,1.23,36.24,20.27,14.82,1.26,14.54,31.09,0.07,0.13,0.13,118.0,Moderate
Delhi,2019-08-16,15.52,37.1,13.71,21.51,26.32,27.58,0.87,8.61,23.59,1.08,10.43,2.66,73.0,Satisfactory
Hyderabad,2016-11-20,61.0,96.5,11.02,63.32,19.38,33.56,0.57,30.3,64.43,0.02,0.57,0.08,122.0,Moderate
Hyderabad,2020-02-20,45.57,94.57,10.85,27.45,21.75,19.79,0.41,5.78,31.14,1.07,4.52,0.1,97.0,Satisfactory
Delhi,2018-08-02,71.5,268.29,20.56,25.2,32.61,36.33,0.86,10.22,29.3,1.47,23.26,0.31,215.0,Poor
Visakhapatnam,2016-12-24,79.29,123.67,19.87,48.03,37.06,14.96,1.48,18.57,83.35,6.1,9.62,6.87,122.0,Moderate
Visakhapatnam,2018-08-17,25.69,69.31,12.56,42.03,32.56,35.17,0.53,8.05,9.7,4.41,11.32,3.77,87.0,Satisfactory
Visakhapatnam,2016-08-12,39.42,107.82,21.52,53.0,17.44,15.32,0.62,47.11,28.33,4.2,5.26,4.51,85.0,Satisfactory
Patna,2020-04-07,44.93,112.36,43.36,48.88,59.45,11.56,1.64,11.83,20.63,0.15,4.09,0.38,142.0,Moderate
Chandigarh,2020-06-06,22.07,34.31,2.2,8.37,6.1,41.78,0.29,13.94,27.05,2.92,0.73,0.8,50.0,Good
Delhi,2019-02-10,143.31,255.47,47.91,49.26,69.38,33.83,1.36,16.41,33.03,4.12,28.28,4.16,277.0,Poor
Visakhapatnam,2019-01-07,119.16,250.09,17.85,87.59,61.1,13.93,1.2,14.7,60.8,4.78,7.46,2.51,307.0,Very Poor
Visakhapatnam,2017-01-21,80.65,120.43,4.27,33.64,20.69,17.02,1.21,12.21,153.23,0.0,0.0,0.0,236.0,Poor
Gurugram,2020-04-11,51.41,103.83,10.44,18.3,15.15,34.72,0.81,14.52,60.63,2.21,2.78,2.75,127.0,Moderate
Delhi,2017-11-23,175.56,251.23,34.73,55.04,70.15,40.03,1.55,18.32,54.34,4.53,11.97,0.1,340.0,Very Poor
Hyderabad,2017-05-15,35.14,80.34,4.56,30.94,9.21,21.58,0.11,6.38,49.94,0.05,0.55,0.14,85.0,Satisfactory
Amaravati,2020-06-06,10.14,43.39,1.33,7.06,4.83,6.2,0.42,12.83,35.22,0.09,0.55,0.19,44.0,Good
Hyderabad,2017-06-04,14.36,40.42,9.13,24.08,8.73,20.08,0.08,4.09,46.26,0.01,0.5,0.11,84.0,Satisfactory
Visakhapatnam,2020-01-19,39.3,92.98,15.49,29.13,28.09,9.84,1.04,8.58,30.23,3.77,6.04,1.34,93.0,Satisfactory
Hyderabad,2015-09-11,60.88,51.27,5.15,30.64,24.22,25.86,0.53,5.16,24.11,1.09,5.42,0.48,140.0,Moderate
Delhi,2019-10-24,173.56,346.51,84.08,67.36,108.93,41.69,2.46,18.87,57.94,7.01,50.88,5.3,335.0,Very Poor
Delhi,2019-02-26,59.97,120.3,24.36,50.31,48.45,32.19,0.95,16.88,32.19,2.49,28.02,0.74,144.0,Moderate
Visakhapatnam,2018-03-12,57.28,125.83,9.02,48.37,33.06,12.37,0.73,19.82,31.2,5.77,10.27,2.7,120.0,Moderate
Hyderabad,2019-03-25,50.06,117.86,4.11,38.91,23.8,13.23,0.71,7.35,34.56,1.8,9.53,1.31,107.0,Moderate
Amritsar,2018-02-23,52.39,143.82,18.45,13.52,43.62,11.79,0.61,4.66,17.32,11.44,7.71,5.94,123.0,Moderate
Patna,2020-03-06,52.48,125.73,23.99,40.42,53.75,25.8,0.69,9.77,37.84,1.6,3.68,0.89,148.0,Moderate
Kolkata,2020-01-01,128.62,247.05,84.98,64.93,149.92,34.09,2.09,19.89,26.8,41.65,55.06,5.08,298.0,Poor
Visakhapatnam,2020-04-10,23.62,68.95,11.17,33.43,26.86,7.32,0.11,6.02,21.47,3.39,7.85,1.08,69.0,Satisfactory
Hyderabad,2017-01-25,76.94,144.81,10.14,47.79,11.21,18.46,0.0,9.19,58.67,0.01,0.25,0.03,149.0,Moderate
Kolkata,2020-05-15,12.3,31.18,3.3,5.35,8.71,6.88,0.27,5.58,23.89,1.08,5.35,0.24,44.0,Good
Visakhapatnam,2018-03-14,39.85,123.78,9.77,56.73,38.12,10.12,0.78,22.65,29.5,6.55,17.08,3.14,117.0,Moderate
Delhi,2019-07-30,30.1,82.81,10.37,26.92,25.19,33.49,0.97,9.36,27.42,2.01,20.2,0.8,90.0,Satisfactory
Amritsar,2020-03-28,12.03,54.63,19.93,12.76,30.41,12.33,0.76,6.2,22.84,1.34,1.53,2.01,54.0,Satisfactory
Hyderabad,2016-03-23,77.4,101.33,10.15,14.08,22.41,10.39,1.68,10.62,42.17,2.3,12.17,4.36,123.0,Moderate
Delhi,2019-07-26,30.63,61.26,13.26,31.61,29.95,36.06,0.99,8.92,27.72,2.1,22.74,0.41,94.0,Satisfactory
Amaravati,2019-03-21,21.71,43.12,1.13,6.24,4.23,7.09,0.5,7.63,36.81,1.7,2.82,0.13,60.0,Satisfactory
Delhi,2018-01-03,217.01,336.87,37.98,52.24,2.87,50.81,1.29,10.28,54.94,3.09,6.6,0.21,405.0,Severe
Hyderabad,2018-08-19,15.28,34.82,11.75,24.8,21.07,15.8,0.32,6.84,15.02,0.76,4.1,1.33,48.0,Good
Amaravati,2018-02-28,43.08,116.06,5.34,19.02,14.54,22.46,0.79,22.7,25.64,0.09,2.16,0.12,108.0,Moderate
Patna,2020-01-21,123.6,163.55,107.88,42.38,141.74,22.38,1.49,10.71,10.29,0.73,8.62,2.42,233.0,Poor
Amaravati,2017-12-18,100.75,172.04,7.63,53.94,33.45,18.49,0.11,14.05,59.2,0.26,3.77,0.19,251.0,Poor
Amritsar,2020-06-08,27.07,59.04,19.32,13.52,27.74,12.57,0.59,8.56,39.64,1.29,1.09,8.63,51.0,Satisfactory
Amritsar,2017-12-26,148.9,272.45,7.08,28.1,35.17,3.62,1.22,2.86,19.3,10.16,10.6,12.87,315.0,Very Poor
Hyderabad,2020-03-20,33.71,72.83,7.05,25.04,18.77,11.25,0.52,5.39,29.44,2.05,10.16,1.5,79.0,Satisfactory
Amritsar,2018-07-10,52.64,68.71,8.86,10.8,19.66,7.33,0.23,7.33,25.46,0.71,2.1,3.85,88.0,Satisfactory
Visakhapatnam,2017-02-08,97.24,177.05,15.93,54.72,42.07,14.31,1.07,17.66,45.07,0.0,0.0,0.0,198.0,Moderate
Hyderabad,2017-06-25,11.81,37.65,7.56,13.1,6.56,4.48,0.15,5.17,35.59,0.07,0.54,0.03,60.0,Satisfactory
Gurugram,2020-05-08,56.55,102.78,4.24,14.09,10.87,25.48,0.72,7.37,92.2,4.04,5.13,4.2,144.0,Moderate
Amaravati,2019-04-12,17.24,43.11,2.53,5.32,4.04,3.95,0.58,14.02,30.87,0.78,2.17,0.16,80.0,Satisfactory
Kolkata,2019-10-05,36.38,66.53,14.07,25.99,40.0,11.1,0.69,5.51,28.48,22.68,19.39,2.34,72.0,Satisfactory
Visakhapatnam,2018-04-13,28.25,83.68,13.24,35.98,29.83,8.67,0.51,17.9,17.23,5.39,11.05,3.96,81.0,Satisfactory
Delhi,2018-08-05,63.57,246.89,17.71,24.82,29.73,33.84,0.71,9.86,25.4,1.08,17.19,0.4,234.0,Poor
Kolkata,2020-01-31,73.09,154.08,50.69,49.78,100.07,27.8,0.88,11.97,36.63,21.68,30.86,3.01,163.0,Moderate
Hyderabad,2019-03-29,59.8,146.25,5.28,47.46,28.9,17.95,0.79,10.09,37.07,2.41,18.76,2.01,127.0,Moderate
Visakhapatnam,2020-05-21,45.53,150.21,3.5,48.13,27.74,12.68,0.11,11.82,33.44,3.03,10.55,1.06,145.0,Moderate
Visakhapatnam,2018-04-24,29.64,86.19,8.02,35.29,25.25,11.0,0.59,16.03,20.32,4.32,7.96,2.83,98.0,Satisfactory
Hyderabad,2018-09-06,25.36,83.21,4.74,26.76,17.54,12.31,0.31,7.84,14.29,1.66,17.85,21.59,76.0,Satisfactory
Hyderabad,2017-08-27,13.1,22.77,7.64,10.5,5.99,6.07,0.17,4.87,30.92,0.27,2.44,0.58,52.0,Satisfactory
Amritsar,2019-11-21,112.55,180.08,13.18,9.99,23.17,12.99,0.66,18.42,10.24,2.55,2.93,2.0,280.0,Poor
Kolkata,2020-07-01,10.53,31.58,6.25,10.01,16.29,12.87,0.3,4.32,15.52,1.82,10.25,0.18,45.0,Good
Visakhapatnam,2019-04-18,31.25,102.2,15.92,24.69,26.08,5.86,0.75,5.09,7.71,1.83,4.44,0.72,111.0,Moderate
Visakhapatnam,2017-03-08,19.72,42.65,14.08,13.58,18.62,8.15,0.96,4.49,13.87,2.05,3.83,0.84,108.0,Moderate
Amritsar,2018-05-22,104.43,152.02,12.52,8.4,20.93,5.07,0.63,5.03,40.73,0.84,2.82,5.98,252.0,Poor
Delhi,2015-01-04,151.84,241.84,25.01,36.91,48.62,130.36,11.54,4.63,25.36,4.26,9.71,3.34,319.0,Very Poor
Delhi,2020-02-12,172.12,295.05,38.78,55.96,64.65,40.92,1.29,16.24,37.86,4.71,24.48,1.32,343.0,Very Poor
Visakhapatnam,2018-01-19,85.14,187.51,32.49,57.47,56.92,14.41,1.41,10.54,43.48,3.83,5.69,2.23,180.0,Moderate
Amritsar,2018-12-22,62.09,138.1,30.94,29.75,56.49,8.44,0.02,2.4,16.41,7.86,2.59,8.49,126.0,Moderate
Visakhapatnam,2016-11-17,76.4,120.03,3.77,31.02,18.94,11.23,1.14,12.94,97.23,5.33,8.33,3.51,151.0,Moderate
Hyderabad,2016-04-20,45.0,93.9,8.98,33.13,29.96,22.38,1.02,7.21,29.12,0.68,3.69,0.98,105.0,Moderate
Chandigarh,2020-03-07,13.4,26.33,18.12,12.2,20.48,59.19,0.57,6.45,5.37,3.66,2.35,116.62,35.0,Good
Patna,2020-06-17,19.12,47.75,27.08,37.94,25.83,3.54,0.87,2.68,16.42,1.61,3.45,0.75,53.0,Satisfactory
Amaravati,2019-11-07,85.95,135.44,4.35,24.78,16.8,13.37,1.04,15.74,47.62,0.58,5.05,0.22,198.0,Moderate
Hyderabad,2019-11-09,81.35,146.94,4.9,29.9,19.58,15.9,0.67,9.4,32.63,0.79,6.0,0.26,156.0,Moderate
Delhi,2018-09-30,69.49,155.26,20.83,34.52,35.4,31.15,1.0,12.38,35.54,2.9,34.63,0.03,176.0,Moderate
Amaravati,2019-04-18,20.21,57.8,2.65,13.78,9.52,6.54,0.51,10.6,26.51,0.16,3.11,0.14,79.0,Satisfactory
Visakhapatnam,2017-01-04,66.77,100.24,14.68,46.67,34.77,15.92,1.39,4.81,64.8,6.96,8.48,6.38,117.0,Moderate
Gurugram,2020-05-01,62.55,134.75,4.28,12.69,10.68,22.14,0.74,7.45,79.99,5.47,3.38,2.64,155.0,Moderate
Kolkata,2019-12-06,71.72,143.09,46.68,46.56,92.79,25.75,0.97,9.53,32.72,15.11,21.59,3.14,183.0,Moderate
Delhi,2020-02-14,73.84,172.28,12.35,34.6,30.48,34.06,0.82,13.53,43.62,2.43,12.11,0.06,186.0,Moderate
Hyderabad,2019-01-18,75.34,154.77,5.36,53.23,31.9,23.79,0.78,9.28,30.69,3.26,25.86,5.06,148.0,Moderate
Visakhapatnam,2019-07-08,26.75,100.5,10.06,35.87,27.26,5.77,0.59,23.57,7.95,3.32,6.01,1.49,128.0,Moderate
Hyderabad,2019-10-20,28.04,51.18,4.17,23.54,13.8,8.1,0.62,2.68,18.41,0.67,4.0,2.23,63.0,Satisfactory
Hyderabad,2019-01-02,71.55,153.99,19.02,67.44,50.15,14.81,1.03,13.44,33.44,3.7,21.41,3.35,133.0,Moderate
Hyderabad,2019-02-10,58.82,162.47,3.61,39.43,22.94,17.78,0.54,28.83,34.46,2.59,26.09,1.17,130.0,Moderate
Visakhapatnam,2017-12-16,83.31,163.67,37.77,67.69,66.71,12.29,1.47,14.22,43.04,4.91,8.85,3.08,155.0,Moderate
Amaravati,2020-01-20,31.22,57.33,3.69,16.9,11.99,14.42,0.63,14.64,33.25,0.38,1.44,0.14,62.0,Satisfactory
Amaravati,2017-12-09,74.28,141.22,6.1,44.97,28.88,15.73,0.09,21.9,60.62,0.26,4.79,0.16,196.0,Moderate
Hyderabad,2017-06-11,7.85,18.39,8.52,15.56,7.49,14.78,0.09,2.04,27.75,0.0,0.73,0.04,61.0,Satisfactory
Delhi,2019-04-04,119.71,270.77,53.23,63.62,81.06,37.04,1.8,29.11,60.25,6.57,44.58,1.27,260.0,Poor
Visakhapatnam,2020-03-14,29.97,80.28,3.61,27.41,15.55,11.66,0.81,7.98,12.94,2.2,11.38,1.14,82.0,Satisfactory
Hyderabad,2020-05-05,31.36,75.39,6.48,24.86,17.35,13.46,0.45,4.17,32.74,1.03,8.28,0.29,71.0,Satisfactory
Hyderabad,2017-07-12,14.29,47.25,7.8,15.3,7.23,5.08,0.15,5.86,29.41,0.27,2.28,0.54,66.0,Satisfactory
Chandigarh,2020-01-21,65.75,140.69,38.7,16.84,39.52,43.79,1.03,9.06,9.56,9.44,0.6,1.04,136.0,Moderate
Hyderabad,2019-12-22,77.15,141.72,9.68,41.34,28.6,19.15,0.66,6.27,28.57,1.12,5.17,0.72,166.0,Moderate
Delhi,2019-12-07,233.79,348.44,79.28,66.41,107.56,55.32,2.32,15.4,33.69,6.96,47.68,2.22,382.0,Very Poor
Chandigarh,2020-01-07,28.87,48.29,29.12,11.69,29.7,39.27,0.79,8.73,8.44,6.69,0.18,1.02,56.0,Satisfactory
Hyderabad,2017-08-15,16.4,44.14,8.25,13.37,8.5,4.82,0.22,5.23,28.81,0.64,4.55,0.74,58.0,Satisfactory
Kolkata,2019-08-31,16.54,35.74,10.89,14.93,24.46,12.45,0.38,3.43,15.37,18.69,14.33,1.66,40.0,Good
Visakhapatnam,2018-11-09,48.16,108.47,13.22,29.96,26.68,12.58,0.66,5.47,40.88,3.51,7.77,2.97,142.0,Moderate
Gurugram,2020-03-06,19.52,32.59,6.56,27.15,24.08,41.15,1.06,12.3,47.23,2.42,3.46,10.96,95.0,Satisfactory
Visakhapatnam,2019-05-16,29.21,130.06,10.51,19.75,18.92,12.63,0.84,9.12,15.88,2.87,5.45,0.72,111.0,Moderate
Delhi,2019-10-10,100.82,215.18,34.75,50.32,54.51,29.71,1.34,13.83,53.51,4.49,36.66,2.06,208.0,Poor
Delhi,2019-09-03,70.64,143.56,13.02,36.51,32.78,36.34,1.21,8.95,32.5,2.4,25.4,2.28,131.0,Moderate
Chandigarh,2020-04-13,19.73,44.85,1.68,10.72,6.95,31.33,0.54,9.92,26.65,3.43,0.63,1.16,45.0,Good
Amaravati,2019-02-01,63.05,111.15,5.4,68.18,40.73,15.31,1.06,13.42,47.46,0.06,0.36,0.11,141.0,Moderate
Hyderabad,2018-09-15,43.69,89.53,6.25,36.45,24.05,14.45,0.51,6.77,27.22,2.99,37.23,5.4,92.0,Satisfactory
Visakhapatnam,2017-11-10,54.75,97.61,6.11,2.68,4.18,1.04,0.8,7.43,79.11,3.19,5.58,1.04,99.0,Satisfactory
Hyderabad,2019-08-18,29.92,96.6,8.22,32.88,23.36,19.28,0.42,8.41,14.02,0.59,7.67,0.5,89.0,Satisfactory
Chandigarh,2019-10-03,29.59,71.0,10.47,7.86,12.9,6.24,0.71,16.42,19.05,6.85,2.43,1.85,58.0,Satisfactory
Kolkata,2019-07-28,12.07,23.33,5.36,13.68,18.79,9.13,0.41,2.55,17.95,14.66,8.57,2.7,43.0,Good
Kolkata,2020-04-23,13.48,27.12,4.03,9.0,13.08,12.63,0.32,6.14,25.54,1.36,5.96,0.33,41.0,Good
Patna,2020-03-20,53.45,135.93,68.65,61.85,70.61,18.72,1.6,12.79,18.84,3.34,6.31,2.58,135.0,Moderate
Patna,2020-01-16,140.36,200.43,64.27,36.59,99.28,27.83,3.27,10.93,11.89,0.77,1.42,4.47,346.0,Very Poor
Hyderabad,2016-09-28,42.99,91.44,12.46,57.36,17.01,12.5,0.11,9.43,25.64,0.11,3.79,6.19,86.0,Satisfactory
Delhi,2019-10-15,133.35,285.26,67.74,58.61,86.5,36.03,2.18,13.31,53.79,6.4,49.36,5.87,291.0,Poor
Visakhapatnam,2020-03-07,14.16,36.93,1.94,16.21,10.19,13.02,0.72,8.37,12.72,1.97,5.09,1.29,45.0,Good
Amaravati,2020-02-16,37.53,64.2,1.97,14.1,9.09,21.98,0.44,15.75,40.59,0.41,1.1,0.14,88.0,Satisfactory
Delhi,2018-07-07,61.93,158.13,8.99,34.43,28.17,51.84,0.9,10.4,53.82,2.06,24.89,2.46,155.0,Moderate
Gurugram,2020-05-18,59.29,115.94,9.85,34.85,23.82,22.59,0.91,8.51,61.06,6.35,3.18,2.38,160.0,Moderate
Visakhapatnam,2019-04-03,27.5,89.44,13.6,35.23,29.79,5.19,0.88,14.67,9.43,1.83,3.93,0.7,101.0,Moderate
Patna,2020-03-09,58.48,165.04,32.94,60.63,67.04,21.77,0.91,10.86,24.24,1.57,4.32,0.27,182.0,Moderate
Patna,2020-04-18,40.92,117.17,64.46,14.91,47.22,13.8,1.37,9.9,31.06,0.48,3.48,0.27,140.0,Moderate
Amaravati,2018-02-17,43.82,97.19,1.45,16.01,9.45,22.52,0.67,17.62,27.62,0.09,2.52,0.12,107.0,Moderate
Delhi,2015-10-18,156.71,263.15,27.5,41.09,62.19,21.49,1.63,10.14,71.1,4.64,12.33,1.93,298.0,Poor
Delhi,2018-08-18,32.11,77.4,12.87,26.17,26.14,32.83,0.88,10.05,30.9,1.61,31.04,0.05,90.0,Satisfactory
Hyderabad,2019-05-21,43.6,114.83,2.23,20.39,12.46,13.28,0.5,5.97,53.16,4.23,7.83,0.62,111.0,Moderate
Visakhapatnam,2020-03-17,31.25,113.8,1.96,39.24,22.04,11.4,1.1,6.23,15.2,5.09,10.48,2.66,104.0,Moderate
Hyderabad,2019-12-13,31.86,69.75,8.63,32.41,23.17,13.97,0.61,5.87,26.76,0.98,6.4,0.17,85.0,Satisfactory
Hyderabad,2017-03-09,77.14,189.5,13.65,45.09,14.68,24.9,0.2,19.6,47.16,0.17,3.35,1.02,181.0,Moderate
Hyderabad,2018-05-14,29.86,67.84,2.42,26.02,15.62,12.81,0.64,5.38,56.79,0.5,2.44,0.47,100.0,Satisfactory
Delhi,2018-04-07,48.46,132.97,18.92,36.94,50.39,42.48,1.12,10.48,54.42,1.43,3.32,0.0,170.0,Moderate
Kolkata,2019-12-23,120.65,234.99,13.73,48.48,62.12,26.28,1.19,10.05,37.72,25.93,33.59,1.58,274.0,Poor
Delhi,2015-02-17,161.27,195.78,23.71,25.4,42.76,75.66,10.3,5.6,41.62,3.04,5.62,3.78,327.0,Very Poor
Visakhapatnam,2020-06-23,25.4,83.38,2.76,34.09,19.92,13.13,0.54,10.4,43.27,2.88,12.03,1.33,100.0,Satisfactory
Visakhapatnam,2019-04-23,26.19,68.03,10.22,26.87,22.6,5.44,0.61,3.32,17.99,1.7,3.72,0.66,72.0,Satisfactory
Amaravati,2018-09-04,24.22,86.08,9.81,26.49,22.16,21.11,1.68,11.54,26.93,0.09,0.1,0.1,98.0,Satisfactory
Amritsar,2018-01-28,53.67,114.13,79.13,34.3,103.35,13.71,0.92,4.04,13.69,10.26,8.26,5.82,124.0,Moderate
Delhi,2019-01-20,314.59,478.43,158.63,106.04,195.81,62.37,3.66,20.98,45.03,12.17,92.09,3.26,480.0,Severe
Visakhapatnam,2019-04-16,31.45,120.82,20.27,42.89,39.3,7.41,0.87,19.8,9.43,4.6,7.18,1.72,110.0,Moderate
Visakhapatnam,2019-05-11,49.08,163.64,5.63,11.09,10.49,3.62,0.87,3.19,25.23,2.72,4.09,0.79,140.0,Moderate
Hyderabad,2017-04-13,59.32,161.14,9.86,37.36,11.15,26.62,0.15,18.52,64.29,0.13,1.15,0.26,173.0,Moderate
Delhi,2019-05-12,178.22,503.28,12.49,40.68,33.4,29.53,1.22,19.36,57.85,2.71,18.73,0.19,352.0,Very Poor
Kolkata,2020-06-08,23.13,43.41,5.1,14.77,18.2,8.64,0.43,9.67,31.1,4.0,15.46,1.52,59.0,Satisfactory
Hyderabad,2017-05-03,37.31,85.68,6.09,25.09,8.5,34.75,0.11,4.14,54.45,0.04,0.63,0.17,118.0,Moderate
Visakhapatnam,2018-05-27,14.42,43.25,6.27,20.85,16.04,10.73,0.35,4.16,17.36,3.12,9.82,1.27,38.0,Good
Amritsar,2020-05-29,29.99,77.22,19.41,11.22,28.95,11.92,0.73,12.3,17.0,1.3,1.1,8.72,67.0,Satisfactory
Patna,2020-05-02,15.93,30.03,118.53,15.85,90.23,8.21,0.48,10.84,41.29,0.68,1.58,0.09,140.0,Moderate
Amritsar,2020-04-25,15.74,67.22,22.04,16.48,30.38,13.38,0.77,17.19,43.02,1.29,1.09,1.98,74.0,Satisfactory
Hyderabad,2019-05-13,41.34,108.46,2.28,26.81,15.97,16.18,0.62,6.61,52.29,1.82,13.6,5.55,109.0,Moderate
Hyderabad,2016-04-05,52.91,116.28,4.51,34.56,23.81,26.16,0.86,5.58,47.1,0.99,5.3,1.09,103.0,Moderate
Kolkata,2020-03-05,34.26,71.62,15.34,33.77,49.13,25.91,0.68,9.3,33.35,7.67,14.45,1.71,89.0,Satisfactory
Amaravati,2020-02-12,59.61,94.82,2.4,17.03,11.02,19.76,0.67,21.32,55.77,0.74,3.79,0.13,86.0,Satisfactory
Hyderabad,2020-03-01,43.21,93.93,4.18,27.41,17.73,20.04,0.58,4.72,33.69,1.85,6.89,0.61,92.0,Satisfactory
Hyderabad,2017-08-22,12.56,37.28,10.15,15.13,8.15,4.52,0.19,6.04,31.68,0.31,1.7,0.48,60.0,Satisfactory
Gurugram,2020-04-26,49.26,119.82,11.76,13.94,11.22,43.4,0.67,8.79,62.13,6.46,2.51,2.49,113.0,Moderate
Delhi,2018-08-29,36.06,65.58,15.31,26.12,27.86,29.36,0.9,10.23,21.53,1.6,28.23,0.08,88.0,Satisfactory
Kolkata,2019-09-21,26.92,54.04,23.25,24.46,46.95,12.86,0.6,6.07,19.36,23.85,21.22,3.39,74.0,Satisfactory
Amaravati,2018-12-14,90.61,164.19,5.37,74.89,44.2,16.85,1.07,17.68,31.59,0.11,0.3,0.15,180.0,Moderate
Hyderabad,2018-09-07,25.42,79.97,5.01,22.74,15.82,14.25,0.32,7.79,17.95,1.21,10.1,7.09,82.0,Satisfactory
Amritsar,2019-09-09,38.61,76.3,22.78,16.01,32.96,12.24,1.17,7.33,17.04,2.06,1.1,1.98,70.0,Satisfactory
Amritsar,2019-11-12,168.71,313.31,17.19,10.31,27.43,12.92,0.78,12.55,19.71,2.74,3.16,2.0,285.0,Poor
Visakhapatnam,2017-03-09,22.26,51.86,17.06,21.42,25.22,7.91,1.05,10.69,13.5,2.51,6.24,0.86,106.0,Moderate
Hyderabad,2019-05-14,38.89,105.12,1.7,24.57,14.31,14.93,0.5,5.5,55.14,1.46,13.72,1.82,98.0,Satisfactory
Delhi,2018-10-28,205.0,375.23,81.11,57.66,100.04,47.85,2.45,15.62,52.78,8.94,77.78,3.28,403.0,Severe
Hyderabad,2018-11-19,26.04,61.77,5.61,32.18,21.29,9.11,0.45,4.53,21.05,1.3,7.29,0.92,53.0,Satisfactory
Amaravati,2020-01-16,56.44,75.95,1.57,10.33,6.65,21.41,0.64,9.86,47.51,0.52,2.58,0.1,108.0,Moderate
Delhi,2020-05-22,94.37,213.47,17.16,45.36,40.17,28.56,1.31,26.05,55.45,2.96,26.42,11.36,199.0,Moderate
Amritsar,2019-10-10,36.76,64.47,10.5,11.64,20.98,30.77,0.31,1.64,42.89,3.24,1.15,2.0,77.0,Satisfactory
Amritsar,2019-08-14,23.62,49.13,12.23,9.02,21.25,10.42,0.76,5.33,10.8,2.93,1.13,2.0,50.0,Good
Chandigarh,2019-11-05,53.96,115.54,7.09,6.08,9.39,6.12,0.54,9.81,17.46,4.09,4.62,1.04,148.0,Moderate
Visakhapatnam,2018-05-07,16.6,72.27,12.23,27.91,24.92,8.1,0.52,16.18,14.68,4.06,7.88,2.5,81.0,Satisfactory
Delhi,2019-12-16,88.05,133.11,21.68,35.06,36.0,39.25,1.04,7.17,22.1,2.4,12.91,0.1,202.0,Poor
Patna,2020-04-23,35.07,95.66,54.14,16.92,42.53,11.91,0.45,10.09,33.3,1.09,4.0,0.36,122.0,Moderate
Visakhapatnam,2016-08-18,26.93,102.19,16.38,38.95,31.19,10.95,1.1,39.42,33.16,4.96,11.43,5.37,102.0,Moderate
Hyderabad,2018-10-17,41.03,53.89,6.99,34.67,23.8,12.6,0.58,4.21,19.11,1.99,15.05,1.68,83.0,Satisfactory
Amritsar,2019-07-28,26.73,47.19,13.19,13.84,21.83,11.87,0.63,16.16,7.2,5.0,1.15,11.83,55.0,Satisfactory
Amaravati,2019-01-16,108.43,159.44,3.49,50.62,29.77,17.97,0.7,6.49,24.73,0.08,0.13,0.1,274.0,Poor
Amaravati,2019-08-15,24.56,47.61,2.23,9.16,6.49,14.56,0.58,18.9,33.97,0.19,1.87,0.52,51.0,Satisfactory
Kolkata,2020-03-24,33.21,52.19,5.56,13.92,19.53,19.63,0.52,9.68,48.07,3.4,7.69,0.66,88.0,Satisfactory
Amaravati,2017-12-12,89.35,131.48,7.97,42.1,28.88,21.24,0.24,7.42,44.67,0.28,7.01,0.19,179.0,Moderate
Delhi,2019-12-04,163.24,277.92,77.61,71.65,107.88,43.21,1.95,13.48,33.48,4.93,42.84,0.67,313.0,Very Poor
Amaravati,2018-12-01,77.86,159.49,10.69,90.28,56.71,4.66,1.16,14.21,22.45,0.1,0.5,0.13,145.0,Moderate
Hyderabad,2015-11-09,53.87,118.33,7.18,15.98,21.66,11.98,0.59,8.37,40.12,1.08,6.41,1.1,114.0,Moderate
Delhi,2015-09-24,63.06,187.9,40.7,39.16,72.85,18.24,1.21,13.26,48.78,3.38,8.95,3.33,175.0,Moderate
Amaravati,2018-01-29,74.2,135.97,4.3,35.82,22.55,20.24,0.07,12.16,53.0,0.15,4.24,0.05,142.0,Moderate
Amritsar,2019-11-27,31.91,46.08,9.51,10.02,19.54,13.0,0.63,14.87,11.14,1.81,2.17,2.0,64.0,Satisfactory
Visakhapatnam,2016-10-25,60.85,108.64,26.17,62.1,50.81,18.51,1.29,22.65,39.3,7.79,18.4,10.56,142.0,Moderate
Amaravati,2018-07-29,21.78,76.32,5.21,20.63,15.21,18.8,0.44,9.64,25.7,0.16,0.18,0.1,85.0,Satisfactory
Visakhapatnam,2020-02-18,42.44,107.09,2.38,42.49,24.13,11.36,1.04,5.36,14.48,4.28,12.08,3.08,111.0,Moderate
Chandigarh,2020-04-04,12.77,29.32,1.47,11.97,7.43,32.37,0.46,10.1,20.12,3.27,0.1,1.01,34.0,Good
Amaravati,2019-06-15,17.42,69.93,1.53,18.88,11.36,3.49,0.38,14.79,38.49,0.08,0.96,0.2,54.0,Satisfactory
Delhi,2015-09-27,89.75,252.06,53.0,44.13,92.67,30.43,1.49,9.76,68.69,5.09,14.81,3.59,298.0,Poor
Kolkata,2020-03-06,36.1,72.34,20.44,29.89,50.34,24.57,0.6,8.44,21.39,6.9,12.41,1.56,90.0,Satisfactory
Hyderabad,2018-05-25,42.17,108.46,2.82,31.54,18.88,13.05,0.76,6.99,55.12,1.22,6.48,2.17,119.0,Moderate
Chandigarh,2019-11-24,44.9,76.48,2.6,18.03,20.07,5.0,0.45,10.79,8.99,5.24,1.92,1.19,107.0,Moderate
Chandigarh,2019-12-25,35.08,65.55,3.48,9.79,7.92,26.09,0.49,5.65,9.85,5.42,0.11,0.65,96.0,Satisfactory
Amritsar,2017-12-25,112.36,210.37,8.0,28.77,36.76,3.76,1.41,3.31,20.73,7.2,9.25,11.68,235.0,Poor
Delhi,2017-11-12,465.08,622.4,66.78,70.1,104.82,73.63,2.44,13.94,88.03,7.84,28.2,0.06,613.0,Severe
Amritsar,2020-01-05,65.12,95.22,9.51,9.67,17.61,12.16,0.28,11.92,32.48,2.25,2.44,1.85,156.0,Moderate
Delhi,2018-06-25,46.9,155.61,10.81,34.92,31.12,32.64,0.74,12.17,39.06,1.93,11.0,2.05,168.0,Moderate
Hyderabad,2016-11-12,61.83,104.38,9.26,53.12,16.3,39.06,0.61,35.55,92.1,0.08,1.54,0.33,152.0,Moderate
Delhi,2015-10-22,116.98,213.49,24.37,32.96,54.18,22.53,2.6,13.27,48.74,3.61,7.79,2.02,292.0,Poor
Amritsar,2019-09-13,35.44,63.1,13.54,10.91,23.88,9.48,1.13,12.01,29.03,1.74,1.1,2.0,84.0,Satisfactory
Kolkata,2020-06-02,12.76,34.52,5.64,10.59,14.75,10.78,0.34,7.45,33.19,1.7,11.9,0.62,51.0,Satisfactory
Hyderabad,2017-04-10,67.48,184.29,4.95,39.61,11.11,22.74,0.21,17.04,46.58,0.16,1.21,0.31,164.0,Moderate
Amaravati,2017-12-26,107.7,170.21,4.97,43.54,27.2,22.52,0.17,18.07,64.6,0.33,4.01,0.16,274.0,Poor
Hyderabad,2015-11-18,46.31,92.72,8.21,6.58,11.61,5.94,0.84,9.58,30.33,0.97,5.09,1.1,102.0,Moderate
Kolkata,2019-07-10,26.2,52.69,6.54,19.62,25.18,18.51,0.5,5.65,28.51,12.57,10.03,3.0,60.0,Satisfactory
Delhi,2019-06-19,79.96,223.08,17.37,37.14,36.51,35.53,1.12,12.69,61.02,2.98,24.24,0.55,173.0,Moderate
Chandigarh,2020-04-22,11.29,24.44,3.23,12.47,9.09,43.25,0.58,9.62,23.17,2.82,0.56,1.23,41.0,Good
Hyderabad,2019-06-19,21.59,63.26,1.98,11.54,7.22,8.03,0.33,6.26,26.23,0.24,0.91,0.05,60.0,Satisfactory
Hyderabad,2019-12-17,69.16,129.71,13.06,45.94,33.48,17.47,0.84,6.06,24.37,1.48,9.42,0.3,120.0,Moderate
Visakhapatnam,2018-08-19,17.9,52.3,10.04,40.17,29.52,38.77,0.51,14.66,11.03,6.97,33.06,1.59,63.0,Satisfactory
Amaravati,2020-06-09,10.39,44.35,1.56,10.06,6.61,6.04,0.5,15.46,40.05,0.09,0.76,0.22,61.0,Satisfactory
Delhi,2015-09-15,108.78,217.16,14.94,56.31,63.58,46.66,1.37,10.4,75.63,3.91,19.34,2.86,289.0,Poor
Amaravati,2018-08-25,18.79,60.26,5.2,20.45,15.18,18.52,1.1,10.01,22.54,0.1,0.07,0.1,76.0,Satisfactory
Patna,2020-03-28,31.87,87.38,47.07,43.29,59.88,12.38,1.49,11.73,15.88,0.48,3.88,0.3,122.0,Moderate
Delhi,2017-12-24,203.18,301.71,79.8,66.65,9.75,73.83,1.74,23.73,59.85,6.52,14.99,1.04,309.0,Very Poor
Amaravati,2019-11-11,39.26,68.41,2.81,16.23,10.92,10.87,0.67,10.97,39.44,0.33,2.9,0.11,77.0,Satisfactory
Amaravati,2018-11-18,19.48,46.57,14.56,35.92,30.95,10.76,0.84,7.49,15.47,0.01,0.07,0.1,56.0,Satisfactory
Visakhapatnam,2020-06-25,13.45,58.54,2.3,21.6,13.09,12.27,0.41,8.19,29.38,1.28,5.64,0.92,77.0,Satisfactory
Hyderabad,2018-06-02,36.7,63.45,3.79,35.45,21.68,21.33,0.77,6.87,35.35,1.26,8.55,1.79,82.0,Satisfactory
Delhi,2018-09-15,37.48,125.81,26.65,27.72,37.7,22.31,0.8,11.74,25.86,2.29,24.43,0.12,126.0,Moderate
Kolkata,2019-11-08,50.55,103.92,9.91,32.06,41.23,19.43,0.59,6.13,29.77,19.81,28.54,1.86,159.0,Moderate
Chandigarh,2020-01-17,48.86,90.27,16.22,10.91,18.44,41.64,0.75,7.18,6.46,6.81,0.19,0.25,85.0,Satisfactory
Hyderabad,2016-01-10,72.09,101.26,17.44,19.99,35.77,10.44,1.17,8.85,62.68,1.48,8.37,1.13,200.0,Moderate
Delhi,2015-02-27,130.42,163.67,13.85,24.75,31.46,22.36,12.78,12.12,34.08,2.14,8.56,4.34,315.0,Very Poor
Hyderabad,2017-09-06,29.32,70.96,10.13,19.22,8.58,5.72,0.19,4.97,24.76,0.62,3.19,1.88,86.0,Satisfactory
Kolkata,2019-10-14,69.89,107.38,7.35,31.27,38.63,10.3,0.63,7.36,52.83,9.85,10.38,2.6,148.0,Moderate
Patna,2020-05-27,33.42,153.07,14.95,11.38,11.37,7.14,0.45,3.9,32.5,1.49,13.26,1.42,116.0,Moderate
Delhi,2020-05-12,43.19,94.4,4.42,18.49,14.62,29.43,0.75,13.84,64.1,1.5,12.68,0.27,122.0,Moderate
Kolkata,2020-05-05,17.49,35.85,3.82,8.59,12.46,11.35,0.34,5.75,33.08,1.86,5.78,0.34,50.0,Good
Kolkata,2020-02-25,82.03,136.88,24.71,53.5,78.26,35.78,0.75,8.34,16.49,13.44,21.46,2.75,237.0,Poor
Visakhapatnam,2016-07-12,28.42,84.49,11.59,42.76,29.47,13.49,1.09,8.99,27.01,5.19,7.9,4.1,79.0,Satisfactory
Amaravati,2018-08-11,10.62,19.96,3.71,9.32,8.1,17.43,0.59,10.32,14.62,0.07,0.03,0.1,49.0,Good
Amritsar,2020-02-16,69.4,154.93,17.22,10.43,26.33,12.04,0.44,10.13,45.83,2.41,2.76,1.98,132.0,Moderate
Chandigarh,2020-05-11,16.39,32.19,2.15,13.19,8.4,30.1,0.51,10.11,34.39,1.61,0.48,0.55,92.0,Satisfactory
Hyderabad,2020-01-22,38.79,85.47,10.0,31.8,23.56,17.7,0.48,5.74,27.79,0.16,1.29,0.05,84.0,Satisfactory
Amaravati,2019-11-08,81.5,128.86,3.06,20.13,13.3,13.9,0.93,21.32,52.53,0.46,4.72,0.17,174.0,Moderate
Gurugram,2020-05-20,67.08,124.58,11.33,27.33,22.39,22.17,0.89,10.08,71.92,5.88,3.06,2.09,167.0,Moderate
Hyderabad,2015-10-15,192.41,104.9,4.89,3.91,8.09,7.41,1.31,9.92,40.38,2.16,14.66,2.29,272.0,Poor
Amaravati,2019-04-13,25.87,89.0,2.4,9.61,6.54,3.98,0.39,11.84,46.66,0.67,2.74,0.25,85.0,Satisfactory
Chandigarh,2019-12-17,61.95,101.09,4.68,12.21,9.97,37.32,0.53,6.01,4.85,3.04,0.14,0.73,89.0,Satisfactory
Hyderabad,2019-05-30,42.3,120.31,2.69,23.98,14.72,16.58,0.56,6.04,55.34,1.07,6.02,0.57,119.0,Moderate
Chandigarh,2020-06-17,20.84,59.04,2.28,7.87,5.14,27.7,0.31,11.98,53.01,3.13,0.39,0.67,72.0,Satisfactory
Visakhapatnam,2020-03-31,18.77,52.17,6.65,25.22,18.82,5.64,0.11,8.52,46.99,3.88,9.99,1.17,84.0,Satisfactory
Delhi,2019-04-15,54.84,187.59,29.69,41.92,50.81,29.21,1.28,22.2,42.3,2.74,25.15,0.8,163.0,Moderate
Visakhapatnam,2016-12-14,62.66,102.67,4.05,22.56,15.08,12.02,1.15,31.35,90.96,5.54,5.84,2.8,107.0,Moderate
Hyderabad,2015-09-08,91.82,32.94,5.41,28.93,23.37,24.94,0.48,7.98,27.04,1.01,5.74,0.68,179.0,Moderate
Amritsar,2017-11-15,38.17,100.14,46.4,13.71,59.36,15.25,0.66,7.43,23.57,3.07,7.91,22.83,128.0,Moderate
Hyderabad,2017-07-08,18.19,55.27,7.48,15.37,7.12,5.0,0.15,6.05,34.11,0.18,1.26,1.05,66.0,Satisfactory
Hyderabad,2018-08-28,16.51,45.72,6.63,27.6,19.35,10.85,0.28,6.97,12.08,3.66,9.47,4.2,48.0,Good
Chandigarh,2020-02-26,36.76,96.77,23.97,21.72,30.21,42.06,0.91,11.17,11.33,6.28,0.17,1.41,83.0,Satisfactory
Hyderabad,2018-11-08,59.82,109.93,3.82,35.89,21.32,10.25,0.55,7.39,41.0,1.83,8.74,1.08,107.0,Moderate
Amritsar,2019-06-07,35.52,68.81,16.51,9.41,20.08,18.25,0.7,22.39,38.58,3.81,1.93,8.94,79.0,Satisfactory
Chandigarh,2020-05-03,17.98,46.16,1.37,8.65,5.62,27.53,0.45,8.91,28.81,2.89,0.37,0.89,66.0,Satisfactory
Delhi,2018-02-18,127.27,234.67,35.15,50.94,67.43,45.32,1.36,12.17,45.75,2.15,3.78,0.31,284.0,Poor
Visakhapatnam,2019-08-07,14.45,26.19,27.97,35.05,41.39,9.13,0.56,8.44,2.49,8.11,15.38,6.68,52.0,Satisfactory
Visakhapatnam,2017-04-04,30.18,86.28,20.43,15.4,24.75,7.65,1.58,14.6,7.31,3.98,10.54,2.74,128.0,Moderate
Visakhapatnam,2016-09-30,54.76,96.82,34.71,50.32,51.48,14.59,1.3,22.54,17.98,8.76,18.37,12.17,104.0,Moderate
Amaravati,2019-11-04,56.76,101.39,4.62,20.7,14.85,10.74,0.68,17.89,41.87,0.44,5.99,0.21,94.0,Satisfactory
Hyderabad,2016-09-29,39.5,103.83,8.76,53.2,15.5,16.89,0.17,7.08,27.93,0.08,1.92,5.0,100.0,Satisfactory
Visakhapatnam,2020-04-28,12.81,46.6,0.73,15.19,7.24,7.68,0.11,6.04,30.0,2.21,4.22,0.84,47.0,Good
Hyderabad,2016-05-13,45.67,82.71,6.1,38.21,29.19,29.29,0.94,5.84,44.28,0.36,2.87,0.36,110.0,Moderate
Delhi,2019-12-09,200.33,311.58,87.59,68.28,114.07,56.75,2.32,12.34,29.47,6.5,45.83,2.04,371.0,Very Poor
Delhi,2019-10-19,76.77,174.84,31.61,51.37,53.94,33.65,1.18,11.33,43.23,4.23,33.23,1.69,170.0,Moderate
Kolkata,2019-08-05,33.97,57.32,8.16,22.84,29.84,10.98,0.7,2.75,18.39,15.09,9.27,3.31,73.0,Satisfactory
Gurugram,2020-06-20,49.08,156.48,5.51,8.09,10.59,4.04,0.53,5.38,55.44,4.49,2.75,1.56,172.0,Moderate
Amaravati,2019-11-15,60.86,97.67,2.41,13.27,9.11,10.84,0.8,15.36,60.81,0.28,3.78,0.11,100.0,Satisfactory
Amritsar,2019-10-05,30.18,54.28,12.51,10.3,22.68,8.98,0.21,4.8,27.04,4.02,1.19,2.15,60.0,Satisfactory
Amritsar,2017-11-26,137.81,263.37,100.06,50.56,150.62,9.65,2.5,9.17,24.79,9.65,11.6,18.92,316.0,Very Poor
Hyderabad,2019-01-24,59.22,112.52,4.03,40.03,23.4,18.59,0.58,5.47,29.43,1.58,7.54,0.91,112.0,Moderate
Hyderabad,2018-12-15,75.15,134.26,4.81,38.42,24.05,12.75,0.62,13.68,37.42,3.48,29.08,0.95,157.0,Moderate
Delhi,2018-01-17,235.06,353.55,44.3,47.86,34.61,52.37,1.61,14.48,64.1,4.22,12.58,0.32,350.0,Very Poor
Hyderabad,2020-03-25,28.47,59.28,7.76,12.7,11.53,11.26,0.4,6.22,28.67,1.02,4.75,0.4,60.0,Satisfactory
Gurugram,2020-06-03,46.92,117.56,5.52,14.13,11.72,9.97,0.78,5.85,64.22,5.19,3.26,2.04,135.0,Moderate
Amritsar,2019-07-15,41.52,67.16,35.12,18.92,32.67,63.6,0.32,5.2,22.48,2.22,0.81,9.36,51.0,Satisfactory
Delhi,2018-10-31,225.17,405.94,99.9,68.02,122.87,55.85,2.91,18.11,47.05,9.95,92.3,3.41,422.0,Severe
Amaravati,2019-08-30,10.11,23.08,23.03,14.19,14.12,24.24,0.45,16.84,23.09,0.13,0.99,0.13,37.0,Good
Delhi,2019-08-12,20.53,51.91,13.19,26.18,27.51,24.89,1.02,8.14,21.46,1.56,15.92,0.89,80.0,Satisfactory
Visakhapatnam,2019-02-15,55.03,94.34,3.61,30.02,17.16,10.53,0.74,6.43,59.81,1.47,1.98,0.37,144.0,Moderate
Amritsar,2019-08-16,22.43,46.17,13.5,9.19,22.22,10.72,0.57,5.57,10.14,3.0,1.1,2.7,50.0,Good
Amaravati,2019-11-30,55.2,86.24,2.55,12.3,8.72,11.27,0.81,18.46,44.15,0.21,4.76,0.1,79.0,Satisfactory
Hyderabad,2017-01-06,75.89,147.99,12.09,69.76,15.64,23.85,0.0,34.18,36.8,0.04,0.78,0.29,158.0,Moderate
Delhi,2019-02-06,177.25,270.92,39.1,50.55,62.85,53.76,1.64,15.59,34.4,5.1,33.57,1.37,380.0,Very Poor
Hyderabad,2017-12-18,73.33,143.78,3.67,37.36,23.1,16.89,0.59,22.04,56.42,3.5,20.96,2.12,140.0,Moderate
Amaravati,2019-01-22,100.34,165.55,20.01,60.14,48.26,20.43,0.85,13.57,24.82,0.06,0.08,0.1,230.0,Poor
Amritsar,2019-11-11,84.63,158.85,17.16,10.25,27.34,13.06,0.8,11.04,27.87,2.16,2.65,2.0,160.0,Moderate
Delhi,2019-10-18,90.41,203.39,13.39,39.62,34.81,33.94,1.14,11.36,42.7,3.47,22.11,1.4,265.0,Poor
Amaravati,2020-01-17,45.81,66.69,2.1,11.52,7.83,15.1,0.66,15.86,44.3,0.52,1.06,0.1,82.0,Satisfactory
Delhi,2017-10-09,107.63,173.87,33.9,27.06,17.82,50.93,0.24,23.51,31.11,0.57,2.97,0.09,268.0,Poor
Delhi,2017-12-26,224.42,326.11,46.41,57.6,6.18,62.83,1.57,22.1,38.93,5.37,12.99,0.42,372.0,Very Poor
Delhi,2018-01-23,160.79,248.48,25.98,47.26,67.65,51.07,1.43,14.25,48.67,2.68,6.67,0.0,343.0,Very Poor
Amaravati,2018-02-21,38.5,106.7,4.5,16.82,12.69,19.54,0.58,11.02,26.62,0.1,2.68,0.11,100.0,Satisfactory
Hyderabad,2019-08-01,10.31,22.89,3.84,14.94,10.97,6.75,0.42,6.72,14.78,0.13,0.58,0.02,41.0,Good
Amaravati,2019-06-13,10.02,31.73,4.88,33.11,21.72,3.35,0.49,17.28,38.1,0.2,2.31,0.1,42.0,Good
Hyderabad,2020-04-15,33.99,68.75,5.55,18.3,13.43,11.99,0.41,4.36,34.56,1.08,4.23,0.22,74.0,Satisfactory
Visakhapatnam,2016-10-30,44.81,74.15,4.97,24.3,15.52,12.08,0.79,14.42,44.42,3.77,5.9,2.84,76.0,Satisfactory
Amaravati,2019-04-02,30.05,62.5,1.54,8.62,5.72,6.27,0.71,14.7,31.67,1.13,2.43,0.22,92.0,Satisfactory
Amaravati,2018-01-09,79.56,146.64,4.44,37.58,23.6,17.71,0.05,17.77,137.61,0.05,1.1,0.02,230.0,Poor
Hyderabad,2016-01-14,60.76,98.54,6.32,13.38,17.95,10.44,0.91,7.1,69.54,1.11,5.88,0.67,216.0,Poor
Visakhapatnam,2018-02-25,61.99,250.5,83.36,66.23,102.86,19.18,1.11,24.09,35.85,9.57,17.78,8.39,232.0,Poor
Amaravati,2018-01-14,86.96,129.99,3.65,28.32,18.03,21.23,0.05,4.83,62.6,0.23,6.93,0.07,186.0,Moderate
Visakhapatnam,2019-08-24,30.77,84.5,9.69,11.86,14.17,2.47,0.88,10.12,10.44,7.66,25.86,6.87,97.0,Satisfactory
Hyderabad,2019-01-09,74.7,164.93,18.53,71.55,51.58,18.51,0.94,24.2,28.57,6.74,51.33,16.8,146.0,Moderate
Amritsar,2019-09-30,16.26,48.02,13.12,10.54,23.63,9.32,0.56,16.98,11.52,1.66,1.1,2.0,48.0,Good
Visakhapatnam,2020-03-13,21.5,51.15,2.17,19.43,11.85,11.74,0.45,8.83,12.81,2.14,8.35,0.75,57.0,Satisfactory
Patna,2020-04-05,55.12,102.79,55.6,49.1,57.79,11.8,1.43,11.35,21.51,1.21,3.41,1.42,127.0,Moderate
Kolkata,2019-06-29,44.03,76.1,6.27,21.47,27.27,9.08,0.64,3.01,37.1,22.66,10.7,4.13,78.0,Satisfactory
Hyderabad,2020-04-01,47.96,83.65,3.72,19.98,13.07,11.07,0.65,6.64,35.46,1.96,8.69,0.28,87.0,Satisfactory
Amaravati,2019-04-17,32.7,91.22,2.19,17.13,10.91,7.6,0.54,15.71,25.28,0.52,2.02,0.18,91.0,Satisfactory
Patna,2020-01-31,62.05,108.79,51.93,40.28,90.82,31.98,0.82,10.31,14.83,0.72,7.22,1.82,218.0,Poor
Gurugram,2020-04-18,26.84,87.29,4.98,12.87,8.86,36.77,0.57,12.12,71.23,7.06,3.46,2.97,107.0,Moderate
Delhi,2018-06-22,83.98,247.55,23.62,45.06,53.22,44.46,0.99,12.38,64.38,4.69,13.08,21.62,249.0,Poor
Visakhapatnam,2016-08-20,33.73,102.06,8.33,33.98,22.76,13.38,1.02,35.43,42.24,5.64,11.25,3.95,102.0,Moderate
Hyderabad,2016-12-31,61.98,110.38,7.84,40.04,8.45,18.5,0.28,6.27,83.19,0.03,0.23,0.04,173.0,Moderate
Hyderabad,2019-10-13,36.35,61.96,4.95,24.49,15.72,9.32,0.58,3.71,24.03,0.72,5.24,1.45,70.0,Satisfactory
Kolkata,2020-02-03,66.42,139.53,50.78,55.57,106.17,26.17,0.83,10.73,43.77,19.62,27.41,2.58,156.0,Moderate
Kolkata,2020-06-12,8.7,22.11,3.88,11.15,15.2,8.52,0.37,5.05,21.71,5.75,18.28,1.39,38.0,Good
Hyderabad,2016-03-25,73.9,104.01,5.61,11.53,15.68,10.34,1.01,6.29,52.35,0.9,5.75,1.04,151.0,Moderate
Delhi,2018-03-23,64.2,151.45,14.86,34.53,42.49,34.91,0.89,12.75,46.6,1.57,3.61,0.0,171.0,Moderate
Hyderabad,2018-10-12,54.39,132.24,6.33,42.79,26.64,18.36,0.53,13.5,27.9,3.35,36.12,19.53,121.0,Moderate
Visakhapatnam,2019-09-17,35.14,66.68,4.12,15.97,11.84,6.4,0.47,43.29,39.25,0.57,6.59,0.92,91.0,Satisfactory
Amritsar,2019-09-18,43.51,74.09,13.95,10.94,24.26,9.55,0.35,12.01,26.59,2.04,1.22,2.0,75.0,Satisfactory
Hyderabad,2016-10-24,58.23,108.26,10.82,66.72,20.79,34.59,0.3,30.29,29.52,0.08,2.06,0.31,107.0,Moderate
Amaravati,2019-08-05,7.53,24.18,2.74,6.1,5.55,6.38,0.34,26.08,26.62,0.35,0.49,0.1,31.0,Good
Kolkata,2019-10-18,62.88,108.38,51.52,39.8,87.26,13.14,1.17,6.9,29.78,27.67,40.3,5.61,149.0,Moderate
Hyderabad,2020-04-30,21.12,54.39,5.11,24.27,16.33,12.94,0.6,4.03,32.53,0.74,4.26,0.05,59.0,Satisfactory
Patna,2019-12-30,188.15,232.98,31.1,34.5,64.26,27.59,1.81,8.64,13.74,3.23,1.38,3.35,333.0,Very Poor
Amritsar,2018-02-14,15.91,50.34,16.37,33.5,48.87,13.41,0.53,2.63,11.79,9.27,6.58,5.08,58.0,Satisfactory
Amaravati,2019-07-18,16.18,39.97,3.29,16.01,11.13,5.05,0.43,12.93,35.8,0.18,2.28,0.21,53.0,Satisfactory
Amaravati,2018-01-05,92.9,162.69,6.38,56.39,35.19,21.02,0.08,23.11,68.79,0.29,7.88,0.2,222.0,Poor
Gurugram,2020-06-30,47.27,114.29,6.29,10.38,12.08,3.2,0.78,7.36,58.07,2.4,4.3,4.89,131.0,Moderate
Hyderabad,2015-11-30,45.49,106.29,4.86,8.74,11.95,8.93,0.92,8.03,31.7,1.15,5.14,2.61,119.0,Moderate
Delhi,2020-03-14,39.41,85.26,14.67,34.59,32.7,34.29,0.76,11.59,29.17,1.99,17.98,0.47,131.0,Moderate
Amritsar,2018-06-04,61.84,194.06,5.32,9.97,12.51,3.7,1.8,6.29,33.48,0.52,2.21,4.03,174.0,Moderate
Amaravati,2020-04-01,34.77,63.95,1.4,5.03,3.81,9.07,0.25,25.11,40.76,0.11,0.47,0.1,69.0,Satisfactory
Amaravati,2017-12-14,69.4,98.94,5.81,29.97,20.67,19.34,0.14,5.8,55.0,0.23,5.09,0.14,115.0,Moderate
Amritsar,2020-02-06,74.16,128.7,18.61,11.48,27.36,12.04,0.46,8.99,39.2,1.85,1.76,1.94,121.0,Moderate
Visakhapatnam,2019-09-26,23.9,50.1,67.93,41.9,77.63,3.96,1.62,14.48,14.53,6.71,18.8,9.39,106.0,Moderate
Hyderabad,2019-09-08,10.31,23.28,2.43,11.43,6.92,9.23,0.31,6.93,17.15,0.06,0.42,0.04,33.0,Good
Chandigarh,2020-05-24,24.52,88.82,3.16,4.5,10.35,25.25,0.45,10.63,47.61,3.51,0.53,0.7,104.0,Moderate
Amaravati,2018-10-10,52.88,172.08,5.52,26.45,18.96,21.36,0.81,31.74,57.33,0.04,0.05,0.1,154.0,Moderate
Hyderabad,2020-01-13,65.69,135.4,12.77,46.15,33.07,17.95,0.61,11.57,32.27,0.82,6.51,0.27,128.0,Moderate
Chandigarh,2020-04-19,6.86,22.51,2.12,10.47,7.17,28.76,0.41,8.56,26.86,2.05,0.5,1.08,39.0,Good
Amritsar,2019-10-08,48.2,73.6,12.29,11.35,21.7,31.13,0.28,1.51,35.6,4.2,1.18,2.0,132.0,Moderate
Delhi,2018-03-26,85.9,198.67,19.04,41.2,51.42,36.49,1.06,16.28,52.72,2.64,3.4,0.0,203.0,Poor
Delhi,2015-10-29,95.72,183.08,25.74,57.74,77.86,25.55,1.89,24.29,73.26,4.13,11.41,1.97,262.0,Poor
Visakhapatnam,2020-06-13,22.75,86.77,3.85,38.23,22.6,9.24,0.67,10.7,27.24,3.06,8.49,1.26,81.0,Satisfactory
Amritsar,2018-01-01,161.69,291.36,7.82,30.43,38.24,3.71,1.7,2.9,18.68,5.76,11.41,10.61,331.0,Very Poor
Hyderabad,2019-04-26,43.87,116.45,3.31,30.94,18.98,13.17,0.6,5.83,61.91,1.65,11.53,0.79,108.0,Moderate
Visakhapatnam,2016-12-02,41.55,80.48,5.24,30.56,19.88,12.69,0.99,6.67,58.45,5.0,7.78,3.71,93.0,Satisfactory
Amaravati,2018-03-08,58.31,124.64,11.93,28.85,25.14,14.0,1.03,10.21,22.24,0.12,2.38,0.16,112.0,Moderate
Visakhapatnam,2017-01-20,80.78,122.62,4.28,29.97,18.88,14.36,1.11,4.71,109.76,0.0,0.0,0.0,166.0,Moderate
Visakhapatnam,2017-04-11,28.6,81.5,11.94,17.27,9.63,13.21,0.9,8.72,11.9,1.61,5.02,1.2,131.0,Moderate
Patna,2020-04-13,45.0,116.11,66.58,17.36,49.13,15.63,1.37,10.03,36.84,0.65,3.88,0.41,149.0,Moderate
Visakhapatnam,2019-12-13,37.07,110.43,11.7,35.91,28.61,10.64,0.95,8.72,47.92,4.4,9.01,3.35,105.0,Moderate
Delhi,2015-02-28,105.86,169.28,9.21,20.65,25.3,16.49,11.8,12.48,41.38,1.97,7.83,1.25,310.0,Very Poor
Hyderabad,2016-05-11,60.7,81.89,20.76,51.24,50.0,31.42,1.42,7.73,24.56,0.91,7.68,1.75,105.0,Moderate
Hyderabad,2018-08-24,14.36,56.52,5.88,24.14,16.98,18.06,0.31,8.55,12.62,0.76,3.43,1.41,48.0,Good
Visakhapatnam,2016-08-29,8.91,34.51,6.21,12.77,10.85,9.96,0.41,11.8,41.29,2.47,5.75,2.48,53.0,Satisfactory
Visakhapatnam,2018-04-05,27.42,71.41,6.35,35.01,23.79,5.99,0.49,9.32,44.52,3.52,7.53,2.29,72.0,Satisfactory
Delhi,2019-03-30,102.27,238.99,38.68,53.75,64.31,41.4,1.51,22.39,51.49,5.34,39.48,0.61,252.0,Poor
Visakhapatnam,2017-12-25,115.56,168.7,6.88,39.23,26.44,16.31,1.21,8.55,82.6,3.6,4.26,1.2,292.0,Poor
Amritsar,2020-03-06,17.61,61.51,17.42,11.14,26.82,12.0,0.74,11.49,27.23,1.38,1.47,1.98,68.0,Satisfactory
Hyderabad,2017-12-17,71.38,142.76,8.44,47.26,31.63,15.98,0.8,12.3,46.91,4.68,24.39,5.32,136.0,Moderate
Amritsar,2019-10-24,84.31,132.9,11.04,11.56,21.66,31.4,0.36,13.78,22.45,2.49,3.3,1.92,179.0,Moderate
Visakhapatnam,2020-01-22,59.54,107.42,3.06,22.1,14.21,11.91,1.02,8.98,38.25,3.48,5.55,0.84,84.0,Satisfactory
Delhi,2020-03-12,56.92,155.18,21.91,36.74,39.57,35.31,0.94,13.68,34.27,2.25,19.69,0.7,125.0,Moderate
Amritsar,2020-03-17,41.78,109.94,18.18,10.31,27.98,12.02,0.72,9.56,31.27,1.57,1.84,2.0,106.0,Moderate
Delhi,2017-10-12,106.85,186.91,21.91,31.1,12.39,44.32,0.33,7.65,35.14,0.71,2.56,0.08,211.0,Poor
Delhi,2020-01-19,125.04,187.93,18.6,34.18,36.38,38.38,0.96,8.69,25.86,2.95,13.77,0.09,290.0,Poor
Delhi,2015-11-26,182.5,317.46,91.98,69.29,144.14,40.68,1.84,21.35,93.71,4.48,12.18,1.03,347.0,Very Poor
Visakhapatnam,2019-05-08,54.82,183.91,6.11,22.26,16.8,41.26,0.64,2.01,23.67,2.06,2.71,0.42,166.0,Moderate
Hyderabad,2018-06-26,16.23,41.54,3.95,23.21,15.22,12.73,0.26,5.93,17.5,0.24,1.79,0.19,41.0,Good
Chandigarh,2020-02-18,39.85,114.47,4.45,17.63,12.56,50.52,0.66,9.85,11.62,5.45,0.2,3.38,94.0,Satisfactory
Delhi,2020-06-20,35.96,108.73,6.53,20.37,17.92,26.38,0.8,10.98,36.24,1.42,14.47,0.2,158.0,Moderate
Hyderabad,2017-01-23,83.79,150.97,10.65,52.58,19.39,20.72,0.0,13.58,53.54,0.06,1.01,0.07,156.0,Moderate
Amaravati,2019-07-16,14.44,40.44,4.68,17.05,12.96,2.72,0.47,15.46,27.69,0.18,2.6,0.29,39.0,Good
Visakhapatnam,2018-03-01,56.85,149.89,14.87,58.84,43.38,15.32,0.82,18.51,38.14,7.16,17.09,3.79,142.0,Moderate
Amaravati,2019-04-19,11.55,37.66,3.35,13.27,9.6,7.05,0.59,12.58,26.46,0.19,2.64,0.12,82.0,Satisfactory
Visakhapatnam,2019-11-01,78.9,144.14,22.21,40.43,39.56,17.77,1.06,18.88,33.46,5.51,12.84,2.68,163.0,Moderate
Hyderabad,2018-09-17,35.58,61.65,4.05,22.67,14.98,18.61,0.41,8.41,24.49,1.45,9.79,1.23,85.0,Satisfactory
Hyderabad,2015-11-07,86.87,105.81,8.71,14.84,21.55,11.96,0.93,11.36,32.53,1.47,11.41,0.75,206.0,Poor
Patna,2020-05-30,27.46,104.21,27.16,20.22,18.18,6.83,0.44,7.28,51.12,1.65,2.38,1.54,104.0,Moderate
Delhi,2019-03-23,55.62,138.56,8.76,34.57,27.32,26.54,0.89,17.52,52.24,2.27,14.11,0.25,131.0,Moderate
Delhi,2017-10-03,69.45,127.48,22.75,26.09,11.47,31.36,0.2,5.81,34.34,0.24,1.27,0.1,115.0,Moderate
Visakhapatnam,2020-05-18,11.18,36.23,1.47,18.69,10.97,6.78,0.11,7.87,18.33,1.51,8.55,0.88,26.0,Good
Delhi,2018-11-24,107.73,223.33,26.91,46.57,50.88,36.97,1.34,15.12,37.48,3.33,30.31,0.99,296.0,Poor
Hyderabad,2017-04-01,44.15,117.72,9.09,30.98,8.99,14.2,0.14,6.09,59.95,0.08,0.86,0.4,136.0,Moderate
Amritsar,2017-12-10,102.19,198.88,33.67,18.62,52.28,2.49,3.83,7.07,19.06,9.15,10.31,17.46,277.0,Poor
Delhi,2018-08-06,50.64,131.76,19.28,26.59,32.23,45.36,0.9,9.4,27.42,1.44,22.79,0.49,166.0,Moderate
Chandigarh,2019-11-30,55.52,105.75,27.53,10.22,27.17,5.0,0.77,10.78,8.14,7.55,0.45,0.17,92.0,Satisfactory
Amaravati,2019-06-08,31.95,71.15,2.87,26.2,16.27,7.52,0.58,17.18,55.48,0.03,1.32,0.14,71.0,Satisfactory
Hyderabad,2018-07-06,20.05,48.6,4.7,26.0,17.26,11.89,0.3,5.06,18.73,1.08,8.65,8.65,49.0,Good
Hyderabad,2018-04-08,30.27,61.55,4.55,35.94,22.43,21.88,0.67,5.05,44.24,0.85,3.51,2.84,85.0,Satisfactory
Amritsar,2019-12-26,58.57,84.32,10.44,10.62,20.2,4.87,0.8,6.96,46.13,1.69,1.65,1.96,91.0,Satisfactory
Delhi,2018-09-19,58.63,175.12,26.29,37.36,40.98,26.44,0.89,13.43,40.04,2.12,27.54,0.0,157.0,Moderate
Hyderabad,2017-01-11,82.34,168.93,11.85,49.71,14.9,19.45,0.0,29.68,49.64,0.09,1.78,2.41,163.0,Moderate
Hyderabad,2017-03-12,43.8,146.18,11.64,41.87,12.69,15.42,0.16,22.58,44.15,0.16,1.75,0.53,117.0,Moderate
Hyderabad,2019-09-10,14.98,39.67,2.63,13.26,7.91,7.77,0.31,6.41,16.46,0.08,0.6,0.05,39.0,Good
Hyderabad,2018-07-02,16.48,42.25,3.82,24.21,15.61,9.17,0.24,5.74,23.96,0.43,3.89,0.29,53.0,Satisfactory
Delhi,2020-04-15,58.31,190.98,10.37,24.55,24.05,28.36,0.93,14.89,38.22,2.36,11.89,0.02,152.0,Moderate
Visakhapatnam,2019-07-16,41.9,130.91,16.51,49.44,39.72,8.12,0.95,5.05,13.19,8.1,20.31,3.74,106.0,Moderate
Amritsar,2019-08-27,36.3,63.21,14.22,9.14,22.63,11.17,0.55,6.49,18.33,2.49,1.13,2.0,68.0,Satisfactory
Hyderabad,2019-08-04,6.24,12.61,2.92,12.57,8.68,4.28,0.3,5.03,17.5,1.28,0.98,0.02,36.0,Good
Visakhapatnam,2019-06-03,29.74,101.8,17.14,44.6,37.79,3.6,0.9,6.22,19.75,4.76,10.42,4.77,97.0,Satisfactory
Amritsar,2020-03-14,21.05,70.22,18.49,11.98,28.28,11.71,0.7,12.75,32.14,1.38,1.7,1.98,69.0,Satisfactory
Kolkata,2019-06-19,50.99,92.07,3.23,24.86,27.94,4.01,0.52,2.0,42.01,20.92,7.71,3.58,95.0,Satisfactory
Hyderabad,2018-05-11,32.76,80.97,2.6,31.48,18.67,13.05,0.66,6.44,50.78,1.14,5.51,1.18,95.0,Satisfactory
Delhi,2018-06-05,61.72,152.57,9.58,27.67,32.62,43.21,0.82,7.51,48.46,2.52,4.69,0.0,160.0,Moderate
Delhi,2015-01-22,143.68,183.89,14.75,21.82,34.88,39.65,10.58,8.64,6.94,4.15,9.54,2.78,332.0,Very Poor
Visakhapatnam,2017-12-29,52.25,103.4,9.07,52.56,35.2,11.33,1.08,6.26,52.57,3.59,6.08,1.71,160.0,Moderate
Delhi,2015-09-16,91.18,190.99,8.55,46.44,42.94,49.72,1.15,9.27,69.61,2.78,9.65,2.61,235.0,Poor
Hyderabad,2019-01-13,72.03,120.93,3.27,37.2,22.02,19.45,0.62,4.84,40.0,1.79,7.86,0.74,154.0,Moderate
Hyderabad,2020-04-04,37.34,72.16,3.78,21.26,13.49,10.48,0.5,8.46,26.57,2.06,9.39,0.52,67.0,Satisfactory
Amritsar,2018-02-22,43.14,122.51,14.65,10.2,36.43,11.57,0.61,4.93,16.89,9.66,7.48,5.83,124.0,Moderate
Visakhapatnam,2016-12-10,57.84,116.72,4.68,36.03,22.09,12.89,1.19,35.72,91.9,5.69,7.33,3.83,120.0,Moderate
Amaravati,2019-10-09,27.63,44.01,3.3,11.48,8.92,17.92,0.89,18.89,31.23,0.15,1.48,0.26,78.0,Satisfactory
Hyderabad,2018-02-13,46.38,85.63,2.89,31.98,16.16,54.44,0.61,6.53,44.34,0.98,4.74,1.1,94.0,Satisfactory
Delhi,2015-11-02,232.4,361.0,67.14,68.4,115.98,42.75,2.05,31.66,136.67,8.28,20.6,23.3,420.0,Severe
Visakhapatnam,2020-05-14,11.88,45.86,2.73,11.76,8.43,12.04,0.11,7.66,14.72,1.8,7.74,0.63,50.0,Good
Hyderabad,2015-10-18,59.6,107.16,1.22,0.95,1.58,7.44,0.61,5.61,33.85,1.31,7.3,1.04,210.0,Poor
Hyderabad,2018-07-08,19.92,45.9,4.05,25.11,16.11,27.07,0.28,5.61,20.17,0.78,4.73,2.41,62.0,Satisfactory
Delhi,2015-01-11,205.41,393.2,28.46,47.29,57.88,131.1,10.98,5.54,50.37,5.93,10.59,5.36,379.0,Very Poor
Visakhapatnam,2019-01-23,118.46,137.7,34.77,76.17,68.79,16.81,1.09,19.4,30.27,5.57,9.22,3.82,302.0,Very Poor
Hyderabad,2018-04-09,40.26,91.86,9.17,41.16,28.67,22.13,0.71,6.94,47.22,1.24,4.05,1.46,95.0,Satisfactory
Visakhapatnam,2020-06-21,25.96,91.75,5.65,40.22,25.78,13.32,0.71,10.1,38.27,3.1,10.26,1.57,92.0,Satisfactory
Chandigarh,2019-10-16,83.96,151.62,17.66,6.6,17.59,6.62,1.0,10.71,19.99,7.02,0.57,1.4,158.0,Moderate
Amaravati,2019-02-25,33.88,80.8,3.59,18.86,13.05,14.69,0.51,13.5,30.89,0.0,0.01,0.1,95.0,Satisfactory
Delhi,2019-04-21,95.24,219.06,44.24,58.95,69.32,31.53,1.66,22.16,50.13,4.44,29.87,1.6,225.0,Poor
Visakhapatnam,2019-11-03,144.72,259.91,11.94,47.03,34.74,23.41,1.13,21.69,55.81,6.3,15.98,3.05,281.0,Poor
Visakhapatnam,2016-10-07,37.61,79.35,27.42,42.34,41.06,16.35,0.76,13.62,19.19,6.28,11.41,8.87,85.0,Satisfactory
Hyderabad,2017-06-08,11.78,27.93,8.21,19.22,8.56,17.27,0.08,2.68,36.3,0.01,0.27,0.07,67.0,Satisfactory
Visakhapatnam,2017-11-16,6.48,22.89,7.13,11.61,11.94,1.39,0.74,5.57,29.49,2.63,5.43,1.45,64.0,Satisfactory
Hyderabad,2016-04-27,52.96,108.3,10.35,34.44,30.89,38.48,0.9,7.58,24.33,0.53,3.21,0.69,129.0,Moderate
Hyderabad,2020-01-23,56.38,115.76,11.39,43.87,31.09,18.33,0.62,6.51,23.8,0.27,2.8,0.1,106.0,Moderate
Amritsar,2018-05-29,74.32,61.18,12.62,8.36,20.99,5.07,0.98,6.52,44.43,0.83,2.6,5.52,196.0,Moderate
Hyderabad,2016-10-20,61.53,106.2,11.99,77.75,23.4,29.1,0.81,34.73,35.26,0.09,1.88,0.82,104.0,Moderate
Delhi,2018-10-24,174.04,384.46,103.62,77.72,129.52,44.37,2.52,20.95,56.09,10.68,100.96,4.26,354.0,Very Poor
Delhi,2018-12-29,248.12,399.14,74.28,64.97,102.0,51.53,1.96,16.49,39.29,6.34,37.55,1.05,420.0,Severe
Hyderabad,2018-10-19,43.99,80.57,9.66,37.92,26.85,9.8,0.52,3.92,24.15,2.14,15.35,2.31,74.0,Satisfactory
Delhi,2015-12-01,183.28,371.83,56.71,83.03,118.88,57.35,1.77,16.48,93.52,4.34,12.02,0.01,400.0,Very Poor
Delhi,2018-03-06,75.45,163.52,15.1,37.92,44.67,34.56,0.94,12.99,44.99,1.26,2.83,0.0,170.0,Moderate
Amaravati,2020-02-28,31.99,57.18,2.22,10.99,7.67,14.0,0.66,23.6,51.47,0.43,1.47,0.11,68.0,Satisfactory
Hyderabad,2018-02-04,39.14,105.44,4.91,41.49,25.66,22.91,0.73,9.46,54.21,2.54,19.19,4.52,104.0,Moderate
Hyderabad,2019-03-01,55.59,129.12,5.27,45.3,27.68,14.27,0.6,9.83,26.37,1.95,16.23,4.16,120.0,Moderate
Delhi,2018-05-29,112.6,312.18,41.22,60.34,66.84,51.9,1.4,11.93,59.1,3.88,5.4,0.0,303.0,Very Poor
Visakhapatnam,2017-12-09,55.61,111.86,10.14,44.59,31.93,11.12,1.06,10.45,53.68,3.19,4.93,1.32,104.0,Moderate
Delhi,2015-10-30,108.4,156.58,24.98,42.63,55.71,28.72,2.29,18.92,60.56,2.75,7.03,1.96,236.0,Poor
Visakhapatnam,2018-01-10,98.05,191.53,19.01,62.83,48.04,16.65,1.28,13.18,70.78,4.17,6.77,1.99,192.0,Moderate
Hyderabad,2018-10-22,66.82,144.33,10.4,51.4,35.41,17.06,0.72,9.47,27.86,3.99,40.01,7.44,125.0,Moderate
Amritsar,2020-02-11,84.93,187.15,17.48,10.4,26.72,12.02,0.3,9.07,35.77,2.31,2.22,2.0,190.0,Moderate
Delhi,2015-10-11,111.34,246.3,87.94,51.83,116.75,30.83,2.02,12.01,62.02,6.34,27.16,3.05,296.0,Poor
Amaravati,2019-04-15,23.75,68.9,1.94,11.38,7.46,3.49,0.64,18.42,19.94,0.33,2.13,0.18,84.0,Satisfactory
Visakhapatnam,2018-08-10,53.32,107.32,17.93,45.44,38.74,12.2,0.64,7.69,11.07,5.74,17.27,3.98,107.0,Moderate
Amritsar,2019-12-15,30.72,38.24,10.88,11.28,20.2,5.37,0.64,6.67,22.0,1.76,2.1,1.96,58.0,Satisfactory
Hyderabad,2015-10-21,84.18,113.0,3.68,3.3,5.79,11.18,1.25,7.79,30.27,1.75,11.76,2.28,212.0,Poor
Kolkata,2020-04-03,43.08,71.67,5.13,13.25,18.42,17.37,0.62,7.33,58.44,3.05,7.42,0.66,100.0,Satisfactory
Delhi,2019-07-02,71.68,233.25,7.78,28.13,23.43,27.24,0.99,12.02,64.82,2.08,18.29,0.41,202.0,Poor
Hyderabad,2016-01-23,66.16,97.42,5.23,13.23,17.06,10.5,0.99,8.42,48.7,0.48,3.42,0.09,118.0,Moderate
Visakhapatnam,2017-12-14,66.31,97.69,1.73,24.11,14.13,14.84,0.93,6.7,64.81,2.54,5.99,0.93,128.0,Moderate
Patna,2020-01-15,177.59,210.76,67.57,36.23,98.56,18.88,4.05,12.23,12.94,1.28,1.32,3.76,311.0,Very Poor
Hyderabad,2018-07-18,14.13,36.01,4.36,22.64,15.15,13.41,0.27,6.95,13.58,0.8,4.43,4.49,33.0,Good
Kolkata,2019-12-02,82.72,165.95,67.81,48.51,115.0,21.82,1.27,10.82,33.8,30.18,42.49,5.26,191.0,Moderate
Delhi,2018-04-02,96.38,241.96,26.07,48.52,64.03,43.29,1.22,16.54,64.33,3.33,4.77,0.0,217.0,Poor
Hyderabad,2017-03-05,31.06,69.14,7.81,19.79,6.75,15.43,0.14,14.85,55.32,0.05,0.92,0.17,102.0,Moderate
Amaravati,2019-01-07,121.47,215.5,17.24,103.31,68.98,13.63,1.5,16.53,24.55,0.12,0.31,0.1,302.0,Very Poor
Amaravati,2019-07-30,8.0,22.87,5.36,10.03,9.41,1.87,0.31,14.72,22.5,0.19,0.98,0.13,28.0,Good
Delhi,2018-04-14,97.16,235.01,42.69,59.41,73.26,39.49,2.12,15.77,47.69,2.45,4.84,0.0,233.0,Poor
Amaravati,2020-02-04,27.24,49.64,3.19,14.18,10.14,14.24,0.52,16.38,32.33,0.36,0.82,0.17,54.0,Satisfactory
Amaravati,2019-06-10,22.19,63.59,2.62,25.07,15.42,5.06,0.5,18.35,62.52,0.13,1.19,0.18,78.0,Satisfactory
Delhi,2018-10-25,168.82,368.33,97.53,72.23,120.26,45.37,2.35,22.51,62.29,9.42,88.49,3.59,356.0,Very Poor
Amritsar,2018-06-19,39.78,171.73,23.1,15.08,38.19,5.6,0.0,7.19,46.14,0.73,2.64,4.7,154.0,Moderate
Visakhapatnam,2016-10-26,63.31,96.76,21.42,67.62,48.9,19.04,1.21,15.88,44.27,7.87,15.33,10.78,110.0,Moderate
Hyderabad,2017-05-09,32.95,91.33,5.63,41.36,9.72,38.95,0.06,10.25,53.25,0.06,0.76,0.13,109.0,Moderate
Hyderabad,2018-12-04,77.72,147.65,6.32,47.55,29.22,12.49,0.76,8.53,37.26,3.19,21.43,5.61,154.0,Moderate
Delhi,2018-09-23,30.71,54.77,7.37,19.88,16.84,22.73,0.67,11.59,28.89,1.4,17.36,0.0,69.0,Satisfactory
Amritsar,2018-02-19,52.41,166.21,15.9,13.27,39.88,11.08,0.71,3.54,16.97,10.46,7.72,6.35,139.0,Moderate
Hyderabad,2017-06-06,17.77,57.12,7.71,21.89,6.76,17.36,0.09,4.06,54.65,0.02,0.46,0.22,97.0,Satisfactory
Amritsar,2018-07-11,28.48,46.52,9.4,10.06,19.46,7.42,0.47,7.25,30.39,0.63,2.06,3.95,81.0,Satisfactory
Amaravati,2018-08-30,28.45,81.89,6.68,19.36,15.81,20.7,1.39,9.78,29.76,0.1,0.07,0.1,87.0,Satisfactory
Delhi,2019-12-08,239.98,355.16,109.28,68.59,137.04,58.01,2.88,13.69,32.51,8.02,58.12,5.55,404.0,Severe
Visakhapatnam,2016-11-20,66.78,107.4,15.84,63.11,42.55,10.25,1.53,16.82,56.55,8.63,12.55,12.29,119.0,Moderate
Delhi,2019-12-28,275.6,426.12,60.13,55.98,83.47,50.47,1.96,10.26,27.92,6.7,39.22,0.4,425.0,Severe
Delhi,2018-06-09,52.79,136.75,10.94,27.39,36.36,40.4,0.9,6.41,41.95,2.72,4.57,0.0,153.0,Moderate
Delhi,2018-05-15,67.23,177.03,13.34,39.81,43.92,49.62,1.91,11.9,62.52,1.85,3.06,0.0,173.0,Moderate
Hyderabad,2016-04-21,48.65,87.02,4.58,33.5,24.68,23.69,1.3,5.98,36.99,0.9,4.98,1.36,120.0,Moderate
Delhi,2020-01-01,372.14,483.87,109.53,64.18,135.0,56.85,3.15,18.49,39.58,8.5,60.79,1.38,492.0,Severe
Chandigarh,2020-06-27,35.55,68.82,0.59,6.79,4.02,46.74,0.3,7.42,43.33,3.09,0.29,0.72,79.0,Satisfactory
Delhi,2019-04-20,90.55,193.76,30.3,55.28,56.28,29.35,1.42,26.03,55.67,3.8,21.84,1.13,199.0,Moderate
Amaravati,2020-01-12,78.28,109.42,2.34,16.82,10.84,18.62,0.8,24.75,47.01,0.74,3.26,0.12,147.0,Moderate
Delhi,2020-03-10,84.35,160.91,14.46,30.22,29.74,30.99,0.84,17.21,47.66,2.35,15.58,0.42,186.0,Moderate
Amritsar,2017-11-24,141.64,270.82,82.14,49.18,130.87,12.55,2.31,14.29,54.87,8.3,10.98,17.59,302.0,Very Poor
Visakhapatnam,2019-02-07,118.36,278.92,58.1,85.31,92.62,22.25,1.57,28.7,53.62,5.47,9.11,2.66,283.0,Poor
Visakhapatnam,2020-02-15,68.69,143.74,2.76,50.22,28.05,13.53,1.29,8.56,23.43,5.32,15.73,2.74,140.0,Moderate
Visakhapatnam,2017-11-25,69.52,119.5,11.08,30.52,25.13,9.98,0.94,8.78,121.73,3.47,6.73,1.07,174.0,Moderate
Hyderabad,2017-11-10,44.44,83.57,10.18,35.39,27.05,14.36,0.59,22.05,55.83,4.61,29.47,3.52,100.0,Satisfactory
Visakhapatnam,2016-12-06,43.18,77.91,4.38,28.66,18.28,11.01,1.0,10.04,76.9,4.86,6.39,3.41,113.0,Moderate
Hyderabad,2017-02-26,64.09,163.99,10.4,44.5,12.84,29.14,0.22,26.83,57.97,0.25,3.35,2.7,165.0,Moderate
Delhi,2018-07-27,21.75,35.79,14.04,23.41,25.77,33.02,0.91,9.13,19.82,1.46,30.17,0.54,68.0,Satisfactory
Chandigarh,2020-06-18,28.75,72.21,0.69,8.61,4.82,28.94,0.31,8.31,49.32,3.06,0.39,0.62,72.0,Satisfactory
Hyderabad,2018-06-22,21.26,45.55,2.2,28.03,16.4,13.37,0.49,6.19,25.78,0.94,7.48,1.22,56.0,Satisfactory
Visakhapatnam,2016-09-09,46.08,91.88,12.73,36.83,27.44,12.77,0.69,34.53,40.09,5.72,13.73,6.06,96.0,Satisfactory
Visakhapatnam,2018-12-10,86.25,155.66,4.12,32.87,20.84,12.86,0.65,8.1,161.93,4.46,8.43,2.39,282.0,Poor
Visakhapatnam,2018-09-08,47.03,134.82,10.82,37.44,28.72,8.34,0.88,8.23,27.53,4.66,10.89,3.14,110.0,Moderate
Gurugram,2020-04-24,56.54,100.68,5.01,15.69,13.06,36.58,0.77,9.28,63.8,6.47,3.49,3.3,124.0,Moderate
Delhi,2019-12-03,140.07,241.56,53.47,60.85,82.31,38.81,1.49,11.37,32.57,4.31,31.72,0.65,302.0,Very Poor
Hyderabad,2017-05-27,26.99,79.38,4.45,30.37,7.75,18.74,0.07,4.17,43.41,0.01,0.27,0.08,103.0,Moderate
Amritsar,2020-04-15,32.05,75.31,20.86,18.96,28.66,15.16,0.73,6.55,23.62,1.26,1.5,1.83,68.0,Satisfactory
Delhi,2017-11-27,198.34,328.09,45.64,68.93,87.3,52.5,1.64,18.95,41.09,4.33,13.04,0.1,382.0,Very Poor
Delhi,2019-06-21,71.15,188.16,13.56,44.78,37.67,32.14,1.22,12.23,59.68,3.07,24.07,0.64,178.0,Moderate
Hyderabad,2018-06-27,17.64,46.04,4.42,28.07,18.17,15.93,0.26,4.6,15.07,0.28,2.36,0.28,44.0,Good
Amaravati,2017-12-10,50.32,102.77,1.73,33.85,19.41,12.56,0.1,13.65,68.15,0.2,4.29,0.1,132.0,Moderate
Visakhapatnam,2018-08-31,51.3,125.77,31.93,47.77,51.37,8.02,1.36,3.97,14.49,7.65,21.2,6.18,116.0,Moderate
Hyderabad,2018-04-11,27.63,72.09,5.0,31.01,20.42,16.36,0.68,6.12,31.17,1.19,5.38,1.18,88.0,Satisfactory
Visakhapatnam,2020-02-12,62.0,106.88,2.75,27.1,16.65,12.64,1.02,8.18,46.57,3.45,6.59,1.16,101.0,Moderate
Hyderabad,2020-03-31,42.42,72.92,5.47,19.9,14.38,10.08,0.49,7.31,37.4,1.86,6.36,0.29,68.0,Satisfactory
Visakhapatnam,2019-01-28,85.77,138.65,6.2,42.57,27.67,14.85,0.88,8.47,51.84,3.51,5.42,1.37,196.0,Moderate
Kolkata,2020-03-23,29.31,56.35,6.39,17.95,24.39,20.61,0.53,10.22,62.0,3.04,7.53,0.65,99.0,Satisfactory
Delhi,2015-04-14,77.07,132.68,13.41,42.65,50.06,36.68,6.85,14.04,55.44,2.13,7.25,2.0,232.0,Poor
Chandigarh,2019-12-06,77.58,135.81,44.31,10.6,41.3,44.06,0.96,10.33,9.78,8.15,0.65,0.15,186.0,Moderate
Chandigarh,2019-12-30,72.34,140.37,38.14,16.28,36.66,26.86,1.04,6.59,6.52,8.77,5.1,1.28,102.0,Moderate
Visakhapatnam,2018-07-24,41.99,137.9,9.11,38.59,27.93,11.81,0.58,11.7,18.61,6.29,10.04,3.78,127.0,Moderate
Visakhapatnam,2016-11-28,68.77,105.94,15.35,63.18,42.25,20.06,1.55,23.3,61.76,8.07,14.36,8.14,125.0,Moderate
Hyderabad,2016-03-31,43.84,89.56,3.5,10.39,12.31,10.31,0.66,4.58,42.02,0.69,3.52,0.72,92.0,Satisfactory
Amritsar,2018-02-03,55.78,138.44,70.91,65.5,150.96,15.15,0.77,2.79,14.2,13.55,8.71,7.37,168.0,Moderate
Kolkata,2019-10-13,69.61,108.35,15.77,29.86,45.64,9.41,0.74,6.85,32.84,11.91,12.83,3.65,116.0,Moderate
Visakhapatnam,2016-11-27,61.53,102.83,21.07,69.96,49.77,21.14,1.58,20.38,53.4,8.31,14.98,9.34,116.0,Moderate
Hyderabad,2020-04-29,16.03,37.73,7.11,22.21,16.46,10.4,0.41,3.67,29.77,0.69,4.17,0.04,51.0,Satisfactory
Visakhapatnam,2016-09-27,62.52,103.15,55.13,56.17,70.43,9.34,1.91,20.52,16.48,11.14,21.51,17.9,108.0,Moderate
Hyderabad,2017-08-20,7.42,10.54,6.9,8.85,5.15,4.45,0.15,4.18,37.5,0.0,0.4,0.09,59.0,Satisfactory
Visakhapatnam,2016-09-12,41.43,79.75,17.8,33.77,29.73,18.81,0.71,31.09,72.47,6.04,12.4,7.76,188.0,Moderate
Visakhapatnam,2018-11-14,72.47,131.34,3.42,21.2,14.06,10.68,0.75,8.52,133.4,3.96,5.55,1.38,170.0,Moderate
Delhi,2018-05-13,80.64,236.35,17.22,31.22,44.1,59.34,2.1,11.48,67.88,1.31,2.15,0.0,285.0,Poor
Visakhapatnam,2016-08-30,10.56,35.2,8.47,12.97,12.65,9.48,0.47,12.63,38.43,2.59,5.66,2.73,60.0,Satisfactory
Amritsar,2018-03-05,31.52,77.37,12.38,6.09,26.79,8.68,0.71,3.46,23.99,9.89,6.87,5.16,69.0,Satisfactory
Amritsar,2020-04-26,14.78,54.18,19.74,15.44,29.59,12.11,0.69,11.17,43.02,1.3,1.1,5.05,60.0,Satisfactory
Kolkata,2019-11-07,88.07,180.18,24.96,56.32,81.19,19.12,0.95,11.24,41.41,25.94,37.94,3.85,236.0,Poor
Delhi,2018-10-07,81.14,221.03,39.4,44.81,57.51,35.47,1.25,14.33,42.38,4.61,50.09,0.57,189.0,Moderate
Hyderabad,2018-01-05,76.33,160.28,12.4,63.88,41.36,23.67,1.05,15.67,52.74,3.5,20.49,6.1,164.0,Moderate
Amritsar,2017-11-19,106.43,224.99,56.49,12.22,68.71,10.81,1.05,5.24,21.02,4.3,7.9,13.38,206.0,Poor
Amaravati,2020-03-09,12.37,22.79,3.17,9.77,7.78,9.65,0.54,18.18,19.25,0.09,0.69,0.1,42.0,Good
Delhi,2019-08-04,46.69,88.15,17.79,30.9,34.32,34.25,1.13,9.96,27.25,2.13,21.93,0.29,101.0,Moderate
Hyderabad,2018-09-21,37.91,78.9,5.26,27.55,17.69,22.26,0.38,8.39,21.72,1.37,6.3,1.25,91.0,Satisfactory
Hyderabad,2020-01-04,57.96,106.32,9.94,29.78,22.36,15.35,0.7,6.3,27.61,0.53,2.84,0.05,87.0,Satisfactory
Amritsar,2019-05-05,74.98,145.44,103.44,69.8,44.3,62.39,0.94,7.94,33.14,4.78,2.2,10.98,114.0,Moderate
Gurugram,2020-05-21,51.41,130.77,15.32,24.81,24.8,22.2,0.92,10.07,71.0,5.94,3.06,2.0,141.0,Moderate
Amaravati,2017-12-03,87.14,130.52,0.97,21.31,12.12,14.36,0.15,11.41,114.8,0.23,3.82,0.04,227.0,Poor
Hyderabad,2018-10-14,54.35,111.45,6.53,36.76,24.31,14.78,0.47,9.08,27.41,4.0,40.2,14.87,108.0,Moderate
Hyderabad,2017-08-07,26.22,81.09,9.46,21.64,9.62,8.4,0.23,4.69,25.05,1.45,6.23,1.63,90.0,Satisfactory
Hyderabad,2018-07-20,12.58,32.59,4.27,22.18,14.61,17.89,0.31,9.52,13.12,0.88,3.02,0.34,37.0,Good
Hyderabad,2019-12-01,61.97,115.41,7.3,32.04,22.23,14.62,0.7,5.92,23.4,5.02,24.32,6.33,127.0,Moderate
Chandigarh,2020-04-30,21.39,59.34,1.7,10.33,6.78,34.73,0.56,13.18,20.02,3.12,0.5,1.02,54.0,Satisfactory
Visakhapatnam,2017-02-01,93.11,149.8,18.12,41.89,36.92,12.94,1.36,9.69,39.06,10.62,12.36,5.19,221.0,Poor
Amaravati,2020-01-31,26.72,53.9,3.71,15.53,11.29,15.51,0.49,19.06,32.28,0.34,0.8,0.12,66.0,Satisfactory
Amritsar,2018-02-09,69.65,162.02,16.51,49.28,65.6,4.9,0.64,7.24,18.68,10.41,8.28,6.94,138.0,Moderate
Delhi,2019-06-03,66.94,300.7,11.7,30.33,26.82,43.32,1.03,12.64,60.03,1.79,8.62,0.11,232.0,Poor
Amritsar,2017-12-04,108.22,214.5,47.23,7.36,54.59,2.19,1.48,4.54,18.64,5.09,9.61,16.63,266.0,Poor
Patna,2020-06-08,18.17,74.52,56.15,19.35,42.41,7.15,0.74,2.8,24.1,2.18,3.41,0.66,100.0,Satisfactory
Delhi,2019-12-24,262.69,401.03,38.02,56.72,64.46,53.3,1.76,8.7,28.17,5.75,38.29,0.82,376.0,Very Poor
Amaravati,2019-08-06,6.89,13.83,2.96,6.48,5.95,6.28,0.34,13.35,21.06,0.06,0.61,0.12,32.0,Good
Delhi,2019-10-16,146.37,279.78,39.0,53.03,62.13,38.12,1.77,13.22,55.69,5.51,36.51,4.29,320.0,Very Poor
Amaravati,2017-12-28,89.95,175.16,10.95,64.53,43.23,18.87,0.27,15.52,62.49,0.36,4.12,0.23,225.0,Poor
